INDEX;STNR;KUERZEL;KLASSE;KLASSESORT;KLASSE_NR;UNTERKLASSE;GRUPPE;GRUPPE_LANG;FAHRER1_NAME;FAHRER1_VORNAME;FAHRER1_ORT;FAHRER1_SPONSORLIZENZ;FAHRER1_SPONSOR;FAHRER1_LIZENZ;FAHRER1_NATION;FAHRER1_PUNKTEWERTUNG;FAHRER2_NAME;FAHRER2_VORNAME;FAHRER2_ORT;FAHRER2_SPONSORLIZENZ;FAHRER2_SPONSOR;FAHRER2_LIZENZ;FAHRER2_NATION;FAHRER2_PUNKTEWERTUNG;FAHRER3_NAME;FAHRER3_VORNAME;FAHRER3_ORT;FAHRER3_SPONSORLIZENZ;FAHRER3_SPONSOR;FAHRER3_LIZENZ;FAHRER3_NATION;FAHRER3_PUNKTEWERTUNG;FAHRER4_NAME;FAHRER4_VORNAME;FAHRER4_ORT;FAHRER4_SPONSORLIZENZ;FAHRER4_SPONSOR;FAHRER4_LIZENZ;FAHRER4_NATION;FAHRER4_PUNKTEWERTUNG;FAHRER5_NAME;FAHRER5_VORNAME;FAHRER5_ORT;FAHRER5_SPONSORLIZENZ;FAHRER5_SPONSOR;FAHRER5_LIZENZ;FAHRER5_NATION;FAHRER5_PUNKTEWERTUNG;FAHRER6_NAME;FAHRER6_VORNAME;FAHRER6_ORT;FAHRER6_SPONSORLIZENZ;FAHRER6_SPONSOR;FAHRER6_LIZENZ;FAHRER6_NATION;FAHRER6_PUNKTEWERTUNG;FAHRER7_NAME;FAHRER7_VORNAME;FAHRER7_ORT;FAHRER7_SPONSORLIZENZ;FAHRER7_SPONSOR;FAHRER7_LIZENZ;FAHRER7_NATION;FAHRER7_PUNKTEWERTUNG;FAHRER8_NAME;FAHRER8_VORNAME;FAHRER8_ORT;FAHRER8_SPONSORLIZENZ;FAHRER8_SPONSOR;FAHRER8_LIZENZ;FAHRER8_NATION;FAHRER8_PUNKTEWERTUNG;FAHRER1_RUNDEN;FAHRER1_ZEIT;FAHRER2_RUNDEN;FAHRER2_ZEIT;FAHRER3_RUNDEN;FAHRER3_ZEIT;FAHRER4_RUNDEN;FAHRER4_ZEIT;FAHRER5_RUNDEN;FAHRER5_ZEIT;FAHRER6_RUNDEN;FAHRER6_ZEIT;FAHRER7_RUNDEN;FAHRER7_ZEIT;FAHRER8_RUNDEN;FAHRER8_ZEIT;NATION;BEWERBER;TEAM;FAHRZEUG;RANG;KLASSENRANG;KLASSENRUECKSTAND;KLASSENGAP;GRUPPENRANG;GRUPPENRUECKSTAND;GRUPPENGAP;RUNDEN;SCHNELLSTE RUNDE;GESAMTZEIT;SEKUNDENWECHSEL;RUECKSTAND;GAP;PUNKTE;KLASSENPUNKTE;SCHNITT;SCHNELLSTE_IN_RUNDE;SCHNELLSTE_TAGESZEIT;SCHNELLSTE_SCHNITT;STATUS;KLASSE_GESTARTET;KLASSE_NICHTGESTARTET;KLASSE_GEWERTET;KLASSE_NICHTGEWERTET;GAST;KLASSE_SCHNELLSTE_STNR;KLASSE_SCHNELLSTE_ZEIT;KLASSE_SCHNELLSTE_NAME;KLASSE_SCHNELLSTE_VORNAME_NAME;KLASSE_SCHNELLSTE_SCHNITT;KLASSE_QUALIZEIT;GRUPPENBEZEICHNUNG;GRUPPE_GESTARTET;GRUPPE_GEWERTET;GRUPPE_NICHTGEWERTET;GRUPPE_SCHNELLSTE_STNR;GRUPPE_SCHNELLSTE_ZEIT;GRUPPE_SCHNELLSTE_NAME;GRUPPE_SCHNELLSTE_VORNAME_NAME;GRUPPE_SCHNELLSTE_SCHNITT;PROZENT;LETZTE_RUNDE;BOXENSTOPS;RUNDE_IN_BOX_1;BOXZEIT1;RUNDE_IN_BOX_2;BOXZEIT2;LQUALIZEIT;LQUALIRANG;LQUALIRANG_INVERT;ALTEZEIT;BEWERBERLIZENZ;HERSTELLER;AKTUELLERFAHRER;PUNKTE_POLE;PUNKTE_SCHNELLSTE;LEADINGLAPS_TOTAL;LEADINGLAPS_CLASS;STARTGRUPPE;KLASSE_VORLAEUFIG;STRAFZEITEN;PRO;PROAM;AM;AMG;PRIO;SPEZIAL
0001;34;Krog;SP9 PRO-AM                                                  ;0000SP9 PRO-AM                                                  ;SP9 PRO-;;1;1;Krognes;Christian;Norwegen;;;NO-31791;;;Villagomez;Mateo;Lyon;;;EC-1720287810;;;Buchardt;Anders;Norwegen;;;NO-ITC-C39200;;;;;;;;;;;;;;;;;;;;;;;;;;;;;;;;;;;;;;;;;;;5;00.000;;00.000;;00.000;;00.000;;00.000;;00.000;;00.000;;00.000;    ;Walkenhorst Motorsport;;Aston Martin Vantage AMR GT3 EVO;1;1;;;1;;;5;8:06.057;8:06.057;Y;;;;;10:07:01;3690;10:07:01;180.408;;2;0;2;0;0;34;8:06.057;Krognes/Villagomez Mateo/Buchardt Anders;Krognes/Villagomez Mateo/Buchardt Anders;180.408;;1;40;40;0;34;8:06.057;Krognes/Villagomez Mateo/Buchardt Anders;Krognes/Villagomez Mateo/Buchardt Anders;180.408;100.00;8:06.057;2;2;10:26.845;6;;;;;;38245       ;Aston Martin                  ;1;;;2;5;1;0;;0;0;0;0;0;0
0002;8;Vere;SP9 PRO-AM                                                  ;0000SP9 PRO-AM                                                  ;SP9 PRO-;;1;1;Veremenko;Alexey;Kaltenborn;;;DE-ITC-C25824;;;'SELV';;Kaltenborn;;;KG-ITC-C-25017;;;Stippler;Frank;Wird nachgeliefert;;;DE-ITC-C18797;;;;;;;;;;;;;;;;;;;;;;;;;;;;;;;;;;;;;;;;;;;3;00.000;;00.000;1;00.000;;00.000;;00.000;;00.000;;00.000;;00.000;    ;JUTA RACING;;Audi R8 LMS GT3;2;2;+02.119;+02.119;2;+02.119;+02.119;4;8:08.176;8:08.176;Y;02.119;02.119;;;10:07:39;3721;10:07:39;179.625;;2;0;2;0;0;34;8:06.057;Krognes/Villagomez Mateo/Buchardt Anders;Krognes/Villagomez Mateo/Buchardt Anders;180.408;;1;40;40;0;34;8:06.057;Krognes/Villagomez Mateo/Buchardt Anders;Krognes/Villagomez Mateo/Buchardt Anders;180.408;100.44 ;8:08.176;3;2;4:49.603;3;7:09.191;;;;;2025-PA/50  ;Audi                          ;3;;;0;0;1;0;;0;0;0;0;0;0
0003;31;Vers;SP9 PRO                                                     ;0000SP9 PRO                                                     ;SP9 PRO;;1;1;Verstappen;Max;Monaco;;;NL-ITA-1;;;Lulham;Christopher;Vereinigtes Königreich;;;GB-ITC-C246085;;;;;;;;;;;;;;;;;;;;;;;;;;;;;;;;;;;;;;;;;;;;;;;;;;;5;00.000;;00.000;;00.000;;00.000;;00.000;;00.000;;00.000;;00.000;    ;EMIL FREY RACING;;Ferrari 296 GT3;3;1;;;3;+03.069;+00.950;5;8:09.126;8:09.126;Y;03.069;00.950;;;10:06:14;3646;10:06:14;179.277;;4;0;4;0;0;31;8:09.126;Verstappen/Lulham Christopher;Verstappen/Lulham Christopher;179.277;;1;40;40;0;34;8:06.057;Krognes/Villagomez Mateo/Buchardt Anders;Krognes/Villagomez Mateo/Buchardt Anders;180.408;100.63 ;8:09.126;6;3;;3;4:09.320;;;;;103         ;Ferrari                       ;1;;;3;3;1;0;;0;0;0;0;0;0
0004;917;Kiki;CUP2                                                        ;0000CUP2                                                        ;CUP2;;1;1;Kikireshko;Oleksii;tba;;;UA-ITC-C28.0025.25;;;Bastian;Nico;Mannheim;;PRO;DE-ITC-C48839;;;Heinemann;Tim;Fichtenberg;;;DE-ITC-C24805;;;;;;;;;;;;;;;;;;;;;;;;;;;;;;;;;;;;;;;;;;;;00.000;;00.000;3;00.000;;00.000;;00.000;;00.000;;00.000;;00.000;    ;Speedworxx Automotive;;Porsche 911 GT3 Cup;4;1;;;4;+10.694;+07.625;3;8:16.751;8:16.751;N;10.694;07.625;;;10:08:12;3744;10:08:12;176.525;;13;0;13;0;0;917;8:16.751;Kikireshko/Bastian Nico/Heinemann Tim;Kikireshko/Bastian Nico/Heinemann Tim;176.525;;1;40;40;0;34;8:06.057;Krognes/Villagomez Mateo/Buchardt Anders;Krognes/Villagomez Mateo/Buchardt Anders;180.408;102.20 ;8:16.751;2;2;6:10.075;4;;;;;;FOLGT       ;Porsche                       ;3;;;0;2;1;0;;1;0;0;0;0;0
0005;54;Buus;SP9 PRO                                                     ;0000SP9 PRO                                                     ;SP9 PRO;;1;1;Buus;Bastian;Kolding;;;DK-59991;;;Sturm;Joel;Brühl;;;DE-ITB38384;;;;;;;;;;;;;;;;;;;;;;;;;;;;;;;;;;;;;;;;;;;;;;;;;;;;00.000;4;00.000;;00.000;;00.000;;00.000;;00.000;;00.000;;00.000;    ;Dinamic GT;;Porsche 911 GT3 R;5;2;+07.842;+07.842;5;+10.911;+00.217;4;8:16.968;8:16.968;Y;10.911;00.217;;;10:03:52;3553;10:03:52;176.448;;4;0;4;0;0;31;8:09.126;Verstappen/Lulham Christopher;Verstappen/Lulham Christopher;179.277;;1;40;40;0;34;8:06.057;Krognes/Villagomez Mateo/Buchardt Anders;Krognes/Villagomez Mateo/Buchardt Anders;180.408;102.24 ;8:16.968;3;2;5:02.302;3;12:21.089;;;;;498633      ;Porsche                       ;2;;;2;3;1;0;;0;0;0;0;0;0
0006;22;Fuge;AT 1                                                        ;0000AT 1                                                        ;AT 1;;1;1;Fugel;Dominik;Chemnitz;;;DE-ITC-C17248;;;Fugel;Marcel;Chemnitz;;;DE-ITC-C17852;;;Leuchter;Benjamin;Duisburg;;;DE-ITC-C16400;;;;;;;;;;;;;;;;;;;;;;;;;;;;;;;;;;;;;;;;;;;1;00.000;;00.000;3;00.000;;00.000;;00.000;;00.000;;00.000;;00.000;    ;Max Kruse Racing;;Audi R8 LMS GT3 Evo II;6;1;;;6;+11.468;+00.557;4;8:17.525;8:17.525;Y;11.468;00.557;;;10:02:57;3512;10:02:57;176.250;;1;0;1;0;0;22;8:17.525;Fugel/Fugel Marcel/Leuchter Benjamin;Fugel/Fugel Marcel/Leuchter Benjamin;176.250;;1;40;40;0;34;8:06.057;Krognes/Villagomez Mateo/Buchardt Anders;Krognes/Villagomez Mateo/Buchardt Anders;180.408;102.36 ;8:17.525;4;1;1:43.371;2;11:27.131;;;;;42051       ;Audi                          ;3;;;1;4;1;0;;0;0;0;0;0;0
0007;948;Müll;CUP2                                                        ;0000CUP2                                                        ;CUP2;;1;1;Müller;Tobias;Euskirchen;;;DE-ITC-C14395;;;Nagelsdiek;Noah;Alsdorf;;PRO;DE-ITC-C24641;;;Rivas;Carlos;Luxemburg;;;LU-A1343;;;;;;;;;;;;;;;;;;;;;;;;;;;;;;;;;;;;;;;;;;;3;00.000;;00.000;1;00.000;;00.000;;00.000;;00.000;;00.000;;00.000;    ;48 LOSCH Motorsport by BLACK FALCON;;Porsche 911 GT3 Cup;7;2;+02.266;+02.266;7;+12.960;+01.492;4;8:19.017;8:19.017;N;12.960;01.492;;;10:04:01;3562;10:04:01;175.723;;13;0;13;0;0;917;8:16.751;Kikireshko/Bastian Nico/Heinemann Tim;Kikireshko/Bastian Nico/Heinemann Tim;176.525;;1;40;40;0;34;8:06.057;Krognes/Villagomez Mateo/Buchardt Anders;Krognes/Villagomez Mateo/Buchardt Anders;180.408;102.67 ;8:19.017;2;3;19:06.769;5;;;;;;A1754       ;Porsche                       ;1;;;0;3;1;0;;1;0;0;0;0;0
0008;921;Hoff;CUP2                                                        ;0000CUP2                                                        ;CUP2;;1;1;Hoffmeister;Arne;Langelsheim;;"H&R Spezialfedern";DE-ITC-C19194;;;Jahn;David;Leipzig;;PRO;DE-ITC-C49468;;;Scheerbarth;Tim;Dormagen;;;DE-ITC-C26218;;;;;;;;;;;;;;;;;;;;;;;;;;;;;;;;;;;;;;;;;;;;00.000;4;00.000;;00.000;;00.000;;00.000;;00.000;;00.000;;00.000;    ;Mühlner Motorsport;;Porsche 911 GT3 Cup;8;3;+02.446;+00.180;8;+13.140;+00.180;4;8:19.197;8:19.197;Y;13.140;00.180;;;10:05:42;3626;10:05:42;175.660;;13;0;13;0;0;917;8:16.751;Kikireshko/Bastian Nico/Heinemann Tim;Kikireshko/Bastian Nico/Heinemann Tim;176.525;;1;40;40;0;34;8:06.057;Krognes/Villagomez Mateo/Buchardt Anders;Krognes/Villagomez Mateo/Buchardt Anders;180.408;102.70 ;8:19.197;2;2;24:47.127;5;;;;;;910354      ;Porsche                       ;2;;;1;1;1;0;;1;0;0;0;0;0
0009;9;Fetz;SP9 PRO                                                     ;0000SP9 PRO                                                     ;SP9 PRO;;1;1;Fetzer;Dennis;Buseck;;;DE-ITC-C24514;;;Mardenborough;Jann;Vereinigte Arabische Emirate;;;GB-ITB250654;;;Scherer;Fabio;Schweiz;;;CH-854;;;;;;;;;;;;;;;;;;;;;;;;;;;;;;;;;;;;;;;;;;;1;00.000;1;00.000;2;00.000;;00.000;;00.000;;00.000;;00.000;;00.000;    ;Haupt Racing Team;;Ford Mustang GT3;9;3;+11.140;+03.298;9;+14.209;+01.069;4;8:20.266;8:20.266;N;14.209;01.069;;;10:07:24;3708;10:07:24;175.284;;4;0;4;0;0;31;8:09.126;Verstappen/Lulham Christopher;Verstappen/Lulham Christopher;179.277;;1;40;40;0;34;8:06.057;Krognes/Villagomez Mateo/Buchardt Anders;Krognes/Villagomez Mateo/Buchardt Anders;180.408;102.92 ;8:20.266;4;2;11:48.020;3;3:53.725;;;;;38403       ;FORD                          ;3;;;0;0;1;0;;0;0;0;0;0;0
0010;786;Nana;SP9 AM                                                      ;0000SP9 AM                                                      ;SP9 AM;;1;1;Nana;Sak;Mechernich;;;TH-IC-B083;;;Breuer;Christoph;Nettersheim;;;DE-ITC-C15557;;;'Dieter Schmidtmann';;Mechernich;;;DE-ITC-C34841;;;;;;;;;;;;;;;;;;;;;;;;;;;;;;;;;;;;;;;;;;;;00.000;4;00.000;;00.000;;00.000;;00.000;;00.000;;00.000;;00.000;    ;Renazzo Motorsport Team;;Lamborghini Huracan GT3 Evo II;10;1;;;10;+14.310;+00.101;4;8:20.367;8:20.367;N;14.310;00.101;;;10:07:29;3712;10:07:29;175.249;;4;0;4;0;0;786;8:20.367;Nana/Breuer Christoph/'Dieter Schmidtmann' ;Nana/Breuer Christoph/'Dieter Schmidtmann' ;175.249;;1;40;40;0;34;8:06.057;Krognes/Villagomez Mateo/Buchardt Anders;Krognes/Villagomez Mateo/Buchardt Anders;180.408;102.94 ;8:20.367;4;2;13:23.252;2;1:36.671;;;;;E-C-009     ;Lamborghini                   ;2;;;1;3;1;0;;0;0;0;0;0;0
0011;25;Wehr;SP9 AM                                                      ;0000SP9 AM                                                      ;SP9 AM;;1;1;Wehrmann;Hans;Grünwald;;;DE-ITC-C11423;;;Thyssen;Joachim;München;;;DE-ITC-C25560;;;Kiefer;Thomas;Heidelberg;;;DE-ITC-C12742;;;;;;;;;;;;;;;;;;;;;;;;;;;;;;;;;;;;;;;;;;;;00.000;;00.000;5;00.000;;00.000;;00.000;;00.000;;00.000;;00.000;    ;Huber Motorsport;;Porsche 911 GT3 R;11;2;+00.541;+00.541;11;+14.851;+00.541;5;8:20.908;8:20.908;Y;14.851;00.541;;;10:07:28;3711;10:07:28;175.060;;4;0;4;0;0;786;8:20.367;Nana/Breuer Christoph/'Dieter Schmidtmann' ;Nana/Breuer Christoph/'Dieter Schmidtmann' ;175.249;;1;40;40;0;34;8:06.057;Krognes/Villagomez Mateo/Buchardt Anders;Krognes/Villagomez Mateo/Buchardt Anders;180.408;103.06 ;8:20.908;3;2;2:23.825;4;7:56.777;;;;;38048       ;Porsche                       ;3;;;0;4;1;0;;0;0;0;0;0;0
0012;900;Hard;CUP2                                                        ;0000CUP2                                                        ;CUP2;;1;1;Hardt;Alexander;Mechernich;;;DE-ITC-C38307;;;Ludwig;Peter;Vereinigte Staaten;;PRO/AM;US-ITC-C D2879-1;;;Rosenberg;Maik;Attendorn;;;DE-ITC-C14532;;;;;;;;;;;;;;;;;;;;;;;;;;;;;;;;;;;;;;;;;;;4;00.000;;00.000;;00.000;;00.000;;00.000;;00.000;;00.000;;00.000;    ;BLACK FALCON Team ZIMMERMANN;;Porsche 911 GT3 Cup;12;4;+09.039;+06.593;12;+19.733;+04.882;4;8:25.790;8:25.790;N;19.733;04.882;;;10:05:23;3609;10:05:23;173.370;;13;0;13;0;0;917;8:16.751;Kikireshko/Bastian Nico/Heinemann Tim;Kikireshko/Bastian Nico/Heinemann Tim;176.525;;1;40;40;0;34;8:06.057;Krognes/Villagomez Mateo/Buchardt Anders;Krognes/Villagomez Mateo/Buchardt Anders;180.408;104.06 ;8:25.790;2;3;17:49.901;5;;;;;;51397       ;Porsche                       ;1;;;0;2;1;0;;0;1;0;0;0;0
0013;6;Kolb;SP9 PRO                                                     ;0000SP9 PRO                                                     ;SP9 PRO;;1;1;Kolb;Vincent;Frankfurt am Main;;;DE-ITC-C15471;;;Stippler;Frank;Bad Münstereifel;;;DE-ITC-C18797;;;;;;;;;;;;;;;;;;;;;;;;;;;;;;;;;;;;;;;;;;;;;;;;;;;2;00.000;3;00.000;;00.000;;00.000;;00.000;;00.000;;00.000;;00.000;    ;Haupt Racing Team;;Ford Mustang GT3;13;4;+16.841;+05.701;13;+19.910;+00.177;5;8:25.967;8:25.967;Y;19.910;00.177;;;10:05:31;3620;10:05:31;173.309;;4;0;4;0;0;31;8:09.126;Verstappen/Lulham Christopher;Verstappen/Lulham Christopher;179.277;;1;40;40;0;34;8:06.057;Krognes/Villagomez Mateo/Buchardt Anders;Krognes/Villagomez Mateo/Buchardt Anders;180.408;104.10 ;8:25.967;3;2;9:16.516;4;3:14.617;;;;;38403       ;FORD                          ;1;;;1;1;1;0;;0;0;0;0;0;0
0014;901;Grüt;CUP2                                                        ;0000CUP2                                                        ;CUP2;;1;1;Grütter;Patrik;Weil der Stadt;;;DE-ITC-C12547;;;Grosse;Fabio;Brücktal;;PRO/AM;DE-ITC-C25836;;;;;;;;;;;;;;;;;;;;;;;;;;;;;;;;;;;;;;;;;;;;;;;;;;;;00.000;3;00.000;;00.000;;00.000;;00.000;;00.000;;00.000;;00.000;    ;SRS Team Sorg Rennsport;;Porsche 911 GT3 Cup;14;5;+12.157;+03.118;14;+22.851;+02.941;3;8:28.908;8:28.908;Y;22.851;02.941;;;10:06:54;3683;10:06:54;172.308;;13;0;13;0;0;917;8:16.751;Kikireshko/Bastian Nico/Heinemann Tim;Kikireshko/Bastian Nico/Heinemann Tim;176.525;;1;40;40;0;34;8:06.057;Krognes/Villagomez Mateo/Buchardt Anders;Krognes/Villagomez Mateo/Buchardt Anders;180.408;104.70 ;8:28.908;2;2;2:44.325;4;;;;;;38068       ;Porsche                       ;2;;;0;0;1;0;;0;1;0;0;0;0
0015;904;Zsig;CUP2                                                        ;0000CUP2                                                        ;CUP2;;1;1;Zsigo;Antal;Slowakei;;"H&R Spezialfedern";SK-1670;;;Hoppe;Marcel;Lennestadt;;PRO;DE-ITC-C18678;;;Bünnagel;Ben;Bonn;;;DE-ITC-C24761;;;;;;;;;;;;;;;;;;;;;;;;;;;;;;;;;;;;;;;;;;;;00.000;;00.000;4;00.000;;00.000;;00.000;;00.000;;00.000;;00.000;    ;Mühlner Motorsport;;Porsche 911 GT3 Cup;15;6;+13.574;+01.417;15;+24.268;+01.417;4;8:30.325;8:30.325;Y;24.268;01.417;;;10:04:43;3587;10:04:43;171.829;;13;0;13;0;0;917;8:16.751;Kikireshko/Bastian Nico/Heinemann Tim;Kikireshko/Bastian Nico/Heinemann Tim;176.525;;1;40;40;0;34;8:06.057;Krognes/Villagomez Mateo/Buchardt Anders;Krognes/Villagomez Mateo/Buchardt Anders;180.408;104.99 ;8:30.325;3;3;16:36.919;4;1:15.176;;;;;910354      ;Porsche                       ;3;;;0;0;1;0;;1;0;0;0;0;0
0016;347;Güld;SP-PRO                                                      ;0000SP-PRO                                                      ;SP-PRO;;1;1;Gülden;Andreas;Reifferscheid;;;DE-ITC-C&R10635;;;Sandtler;Tim;Bochum;;;DE-ITC-C17801;;;Hennerici;Marc;Mayen;;;DE-ITC-C11585;;;;;;;;;;;;;;;;;;;;;;;;;;;;;;;;;;;;;;;;;;;;00.000;;00.000;3;00.000;1;00.000;;00.000;;00.000;;00.000;;00.000;    ;Toyo Tires with Ring Racing;;Porsche 991 GT3 Cup;16;1;;;16;+27.810;+03.542;4;8:33.867;8:33.867;Y;27.810;03.542;;;10:06:27;3663;10:06:27;170.645;;1;0;1;0;0;347;8:33.867;Gülden/Sandtler Tim/Hennerici Marc;Gülden/Sandtler Tim/Hennerici Marc;170.645;;1;40;40;0;34;8:06.057;Krognes/Villagomez Mateo/Buchardt Anders;Krognes/Villagomez Mateo/Buchardt Anders;180.408;105.72 ;8:33.867;1;5;;0;;;;;;41974       ;Porsche                       ;3;;;0;3;1;0;;0;0;0;0;0;0
0017;927;Van ;CUP2                                                        ;0000CUP2                                                        ;CUP2;;1;1;Van Roon;Jan Jaap;Niederlande;;;US-ITC-C47732;;;Coronel;Tom;Niederlande;;PRO/AM;NL-INT-A5093;;;;;;;;;;;;;;;;;;;;;;;;;;;;;;;;;;;;;;;;;;;;;;;;;;;;00.000;4;00.000;;00.000;;00.000;;00.000;;00.000;;00.000;;00.000;    ;Max Kruse Racing;;Porsche 911 GT3 Cup;17;7;+19.387;+05.813;17;+30.081;+02.271;4;8:36.138;8:36.138;Y;30.081;02.271;;;10:04:02;3563;10:04:02;169.894;;13;0;13;0;0;917;8:16.751;Kikireshko/Bastian Nico/Heinemann Tim;Kikireshko/Bastian Nico/Heinemann Tim;176.525;;1;40;40;0;34;8:06.057;Krognes/Villagomez Mateo/Buchardt Anders;Krognes/Villagomez Mateo/Buchardt Anders;180.408;106.19 ;8:36.138;4;1;29.433;1;2:49.664;;;;;42051       ;Porsche                       ;2;;;0;1;1;0;;0;1;0;0;0;0
0018;191;Böck;SP8T                                                        ;0000SP8T                                                        ;SP8T;A(SP8T)                                                     ;1;1;Böckmann;Marek;Lautersheim;;;DE-ITC-C11273;;;Rennhofer;Raphael;Österreich;;;AT-JAC2883;;;;;;;;;;;;;;;;;;;;;;;;;;;;;;;;;;;;;;;;;;;;;;;;;;;3;00.000;;00.000;;00.000;;00.000;;00.000;;00.000;;00.000;;00.000;    ;PROsport Racing;;Aston Martin Vantage GT4;18;1;;;18;+35.201;+05.120;3;8:41.258;8:41.258;Y;35.201;05.120;;;10:04:27;3575;10:04:27;168.225;;9;0;9;0;0;191;8:41.258;Böckmann/Rennhofer Raphael;Böckmann/Rennhofer Raphael;168.225;;1;40;40;0;34;8:06.057;Krognes/Villagomez Mateo/Buchardt Anders;Krognes/Villagomez Mateo/Buchardt Anders;180.408;107.24 ;8:41.258;2;2;29:55.220;4;;;;;;49755       ;Aston Martin                  ;1;;;0;3;1;0;;0;0;0;0;0;0
0019;962;Bedn;CUP3                                                        ;0000CUP3                                                        ;CUP3;A(Cup3)                                                     ;2;2;Bednarski;Joshua;Frankreich;;;FR-ICCD255098;;;Stegmann;Lorenz;Faid;;PRO;DE-ITC-C11332;;;;;;;;;;;;;;;;;;;;;;;;;;;;;;;;;;;;;;;;;;;;;;;;;;;;00.000;6;00.000;;00.000;;00.000;;00.000;;00.000;;00.000;;00.000;    ;W&S Motorsport;;Porsche 718 Cayman GT4 CS;19;1;;;1;;;6;8:43.650;8:43.650;Y;37.593;02.392;;;10:07:41;3723;10:07:41;167.457;;14;0;14;0;0;962;8:43.650;Bednarski/Stegmann Lorenz;Bednarski/Stegmann Lorenz;167.457;;2;32;32;0;962;8:43.650;Bednarski/Stegmann Lorenz;Bednarski/Stegmann Lorenz;167.457;107.73 ;8:43.650;2;3;5:51.780;7;;;;;;38911       ;Porsche                       ;2;;;0;6;2;0;;1;0;0;0;0;0
0020;955;Lind;CUP3                                                        ;0000CUP3                                                        ;CUP3;A(Cup3)                                                     ;2;2;Linden;Franz;Krefeld;;;DE-ITC-C45124;;;Schicht;Rüdiger;Schweiz;;PRO/AM;DE-ITC-C15231;;;Fielenbach;Alexander;Neunkirchen-Seelscheid;;;DE-ITC-C15072;;;;;;;;;;;;;;;;;;;;;;;;;;;;;;;;;;;;;;;;;;;;00.000;;00.000;3;00.000;;00.000;;00.000;;00.000;;00.000;;00.000;    ;;;Porsche 718 Cayman GT4 CS;20;2;+04.389;+04.389;2;+04.389;+04.389;3;8:48.039;8:48.039;N;41.982;04.389;;;10:08:06;3739;10:08:06;166.065;;14;0;14;0;0;962;8:43.650;Bednarski/Stegmann Lorenz;Bednarski/Stegmann Lorenz;167.457;;2;32;32;0;962;8:43.650;Bednarski/Stegmann Lorenz;Bednarski/Stegmann Lorenz;167.457;108.64 ;8:48.039;4;2;20:44.396;3;1:55.632;;;;;            ;Porsche                       ;3;;;0;0;2;0;;0;1;0;0;0;0
0021;170;Ales;SP8T                                                        ;0000SP8T                                                        ;SP8T;;1;1;Alesi;Guliano;Japan;;;JP-256471;;;Koyama;Miki;Japan;;;JP-719566781080;;;;;;;;;;;;;;;;;;;;;;;;;;;;;;;;;;;;;;;;;;;;;;;;;;;2;00.000;2;00.000;;00.000;;00.000;;00.000;;00.000;;00.000;;00.000;    ;Toyo Tires with Ring Racing;;Toyota Supra GT4;21;2;+07.224;+07.224;19;+42.425;+07.224;4;8:48.482;8:48.482;N;42.425;00.443;;;10:00:26;3418;10:00:26;165.926;;9;0;9;0;0;191;8:41.258;Böckmann/Rennhofer Raphael;Böckmann/Rennhofer Raphael;168.225;;1;40;40;0;34;8:06.057;Krognes/Villagomez Mateo/Buchardt Anders;Krognes/Villagomez Mateo/Buchardt Anders;180.408;108.73 ;8:48.482;2;3;12:20.219;5;;;;;;41974       ;Toyota                        ;1;;;0;2;1;0;;0;0;0;0;0;0
0022;902;Harr;CUP2                                                        ;0000CUP2                                                        ;CUP2;;1;1;Harrison;Ryan;Vereinigte Staaten;;;US-ITC-C D4761;;;Vasilescu;Alexandru;Rumänien;;Guest;RO-A0C1152;;;Wassertheurer;Leon;Rochlitz;;;DE-ITC-C29950;;;;;;;;;;;;;;;;;;;;;;;;;;;;;;;;;;;;;;;;;;;2;00.000;1;00.000;2;00.000;;00.000;;00.000;;00.000;;00.000;;00.000;    ;AV Racing by BLACK FALCON;;Porsche 911 GT3 Cup;22;8;+31.967;+12.580;20;+42.661;+00.236;5;8:48.718;8:48.718;Y;42.661;00.236;;;10:06:41;3671;10:06:41;165.852;;13;0;13;0;0;917;8:16.751;Kikireshko/Bastian Nico/Heinemann Tim;Kikireshko/Bastian Nico/Heinemann Tim;176.525;;1;40;40;0;34;8:06.057;Krognes/Villagomez Mateo/Buchardt Anders;Krognes/Villagomez Mateo/Buchardt Anders;180.408;108.78 ;8:48.718;3;3;5:00.292;4;4:03.687;;;;;A0C3052     ;Porsche                       ;3;;;0;0;1;0;;0;0;0;1;0;0
0023;165;Ober;SP10                                                        ;0000SP10                                                        ;SP10;A(SP10)                                                     ;1;1;Oberheim;Moritz;Schermbeck;;;DE-ITC-C24824;;;Miemois;Philip;Finnland;;PRO;FI-29645190;;;Goodman;Toby;Vereinigtes Königreich;;;GB-259262;;;;;;;;;;;;;;;;;;;;;;;;;;;;;;;;;;;;;;;;;;;;00.000;6;00.000;;00.000;;00.000;;00.000;;00.000;;00.000;;00.000;    ;AVIA W&S Motorsport;;Porsche 718 Cayman GT4 RS;23;1;;;21;+47.099;+04.438;6;8:53.156;8:53.156;Y;47.099;04.438;;;10:05:34;3624;10:05:34;164.471;;3;0;3;0;0;165;8:53.156;Oberheim/Miemois Philip/Goodman Toby;Oberheim/Miemois Philip/Goodman Toby;164.471;;1;40;40;0;34;8:06.057;Krognes/Villagomez Mateo/Buchardt Anders;Krognes/Villagomez Mateo/Buchardt Anders;180.408;109.69 ;8:53.156;2;4;2:26.917;7;;;;;;49756       ;Porsche                       ;2;;;0;4;1;0;;1;0;0;0;0;0
0024;21;Abbe;SP9 AM                                                      ;0000SP9 AM                                                      ;SP9 AM;;1;1;Abbelen;Klaus;Barweiler;;;DE-ITB-12233;;;;;;;;;;;;;;;;;;;;;;;;;;;;;;;;;;;;;;;;;;;;;;;;;;;;;;;;;;;5;00.000;;00.000;;00.000;;00.000;;00.000;;00.000;;00.000;;00.000;    ;;;Ferrari 296 GT3;24;3;+34.112;+33.571;22;+48.422;+01.323;5;8:54.479;8:54.479;N;48.422;01.323;;;10:03:12;3524;10:03:12;164.064;;4;0;4;0;0;786;8:20.367;Nana/Breuer Christoph/'Dieter Schmidtmann' ;Nana/Breuer Christoph/'Dieter Schmidtmann' ;175.249;;1;40;40;0;34;8:06.057;Krognes/Villagomez Mateo/Buchardt Anders;Krognes/Villagomez Mateo/Buchardt Anders;180.408;109.96 ;8:54.479;2;2;3:23.359;6;;;;;;            ;Ferrari                       ;1;;;0;0;1;0;;0;0;0;0;0;0
0025;959;Eich;CUP3                                                        ;0000CUP3                                                        ;CUP3;A(Cup3)                                                     ;2;2;Eichenberg;Heiko;Fritzlar;;;DE-ITC-C15985;;;Haughton;Harley;Vereinigtes Königreich;;PRO;GB-ITC-C270374;;;;;;;;;;;;;;;;;;;;;;;;;;;;;;;;;;;;;;;;;;;;;;;;;;;1;00.000;2;00.000;;00.000;;00.000;;00.000;;00.000;;00.000;;00.000;    ;SRS Team Sorg Rennsport;;Porsche 718 Cayman GT4 GS;25;3;+11.218;+06.829;3;+11.218;+06.829;3;8:54.868;8:54.868;Y;48.811;00.389;;;10:03:58;3559;10:03:58;163.945;;14;0;14;0;0;962;8:43.650;Bednarski/Stegmann Lorenz;Bednarski/Stegmann Lorenz;167.457;;2;32;32;0;962;8:43.650;Bednarski/Stegmann Lorenz;Bednarski/Stegmann Lorenz;167.457;110.04 ;8:54.868;2;2;6:28.862;4;;;;;;38068       ;Porsche                       ;2;;;0;1;2;0;;1;0;0;0;0;0
0026;10;Lenz;AT 3                                                        ;0000AT 3                                                        ;AT 3;;2;2;Lenz;Christoph;Schweiz;;;CH-1599;;;Preisig;Jasmin;Schweiz;;;CH-ITC C 511;;;Hochwind;Timo;Schäftlarn;;;DE-ITC-C32839;;;;;;;;;;;;;;;;;;;;;;;;;;;;;;;;;;;;;;;;;;;;00.000;;00.000;5;00.000;;00.000;;00.000;;00.000;;00.000;;00.000;    ;Max Kruse Racing;;Audi RS3;26;1;;;4;+11.666;+00.448;5;8:55.316;8:55.316;N;49.259;00.448;;;10:06:46;3675;10:06:46;163.808;;3;0;3;0;0;10;8:55.316;Lenz/Preisig Jasmin/Hochwind Timo;Lenz/Preisig Jasmin/Hochwind Timo;163.808;;2;32;32;0;962;8:43.650;Bednarski/Stegmann Lorenz;Bednarski/Stegmann Lorenz;167.457;110.13 ;8:55.316;3;3;3:40.662;4;3:07.580;;;;;42051       ;Audi                          ;3;;;0;5;2;0;;0;0;0;0;0;0
0027;164;Brod;SP10                                                        ;0000SP10                                                        ;SP10;;1;1;Brodmerkel;Stephan;Waldesch;;"MSC Adenau e.V. im ADAC";DE-ITC-C14548;;;Still;Hendrik;Kempenich;;AM;DE-ITC-C19024;;;Schöll;Constantin;Österreich;;;AT-JA2427;;;;;;;;;;;;;;;;;;;;;;;;;;;;;;;;;;;;;;;;;;;;00.000;2;00.000;3;00.000;;00.000;;00.000;;00.000;;00.000;;00.000;    ;W&S Motorsport;;Porsche 718 Cayman GT4 CS RS;27;2;+02.223;+02.223;23;+49.322;+00.900;5;8:55.379;8:55.379;Y;49.322;00.063;;;10:00:34;3428;10:00:34;163.788;;3;0;3;0;0;165;8:53.156;Oberheim/Miemois Philip/Goodman Toby;Oberheim/Miemois Philip/Goodman Toby;164.471;;1;40;40;0;34;8:06.057;Krognes/Villagomez Mateo/Buchardt Anders;Krognes/Villagomez Mateo/Buchardt Anders;180.408;110.15 ;8:55.379;2;4;5:44.581;6;;;;;;38911       ;Porsche                       ;2;;;0;2;1;0;;0;0;1;0;0;0
0028;982;Krom;CUP3                                                        ;0000CUP3                                                        ;CUP3;A(Cup3)                                                     ;2;2;Krombach;Christoph;Asslar;;;DE-ITC-C11215;;;Jodexnis;Richard-Sven Karl;Hannover;;AM;DE-ITC-C25345;;;Höber;René;München;;;DE-ITC-C44470;;;;;;;;;;;;;;;;;;;;;;;;;;;;;;;;;;;;;;;;;;;;00.000;2;00.000;4;00.000;;00.000;;00.000;;00.000;;00.000;;00.000;    ;W&S Motorsport;;Porsche 718 Cayman GT4 CS;28;4;+13.282;+02.064;5;+13.282;+01.616;6;8:56.932;8:56.932;Y;50.875;01.553;;;10:08:29;3756;10:08:29;163.315;;14;0;14;0;0;962;8:43.650;Bednarski/Stegmann Lorenz;Bednarski/Stegmann Lorenz;167.457;;2;32;32;0;962;8:43.650;Bednarski/Stegmann Lorenz;Bednarski/Stegmann Lorenz;167.457;110.47 ;8:56.932;2;3;3:12.235;7;;;;;;38911       ;Porsche                       ;3;;;0;0;2;0;;0;0;1;0;0;0
0029;175;Hite;SP10                                                        ;0000SP10                                                        ;SP10;A(SP10)                                                     ;1;1;Hites;Benjamin;Chile;;;CL-ITB-C2312/2025;;;Viebahn;Jörg;Engelskirchen;;;DE-ITC-C16955;;;Rennhofer;Raphael;Österreich;;;AT-JAC2883;;;;;;;;;;;;;;;;;;;;;;;;;;;;;;;;;;;;;;;;;;;3;00.000;1;00.000;1;00.000;;00.000;;00.000;;00.000;;00.000;;00.000;    ;PROsport Racing;;Aston Martin Vantage GT4;29;3;+04.816;+02.593;24;+51.915;+02.593;5;8:57.972;8:57.972;Y;51.915;01.040;;;10:06:46;3677;10:06:46;162.999;;3;0;3;0;0;165;8:53.156;Oberheim/Miemois Philip/Goodman Toby;Oberheim/Miemois Philip/Goodman Toby;164.471;;1;40;40;0;34;8:06.057;Krognes/Villagomez Mateo/Buchardt Anders;Krognes/Villagomez Mateo/Buchardt Anders;180.408;110.68 ;8:57.972;4;2;2:18.199;3;2:23.545;;;;;49755       ;Aston Martin                  ;1;;;0;1;1;0;;0;0;0;0;0;0
0030;333;Enge;AT 3                                                        ;0000AT 3                                                        ;AT 3;;2;2;Engelmann;Andrew;Vereinigte Staaten;;;US-D4317-S;;;Allen;Christopher;Washington;;;US-D3906-I;;;Mau;Robert;Vereinigte Staaten;;;US-ITC-C D4631-I;;;;;;;;;;;;;;;;;;;;;;;;;;;;;;;;;;;;;;;;;;;2;00.000;3;00.000;;00.000;;00.000;;00.000;;00.000;;00.000;;00.000;    ;Max Kruse Racing;;Audi RS3;30;2;+06.484;+06.484;6;+18.150;+04.868;5;9:01.800;9:01.800;Y;55.743;03.828;;;10:01:45;3475;10:01:45;161.847;;3;0;3;0;0;10;8:55.316;Lenz/Preisig Jasmin/Hochwind Timo;Lenz/Preisig Jasmin/Hochwind Timo;163.808;;2;32;32;0;962;8:43.650;Bednarski/Stegmann Lorenz;Bednarski/Stegmann Lorenz;167.457;111.47 ;9:01.800;2;3;6:03.274;6;;;;;;42051       ;Audi                          ;2;;;0;3;2;0;;0;0;0;0;0;0
0031;950;Baum;CUP3                                                        ;0000CUP3                                                        ;CUP3;A(Cup3)                                                     ;2;2;Baumann;Horst;Bonn;;;DE-ITC-C19644;;;Schmickler;Stefan;Bad Neuenahr-Ahrweiler;;PRO/AM;DE-ITC-C24585;;;Schmickler;Markus;Bad Neuenahr-Ahrweiler;;;DE-ITC-C25834;;;;;;;;;;;;;;;;;;;;;;;;;;;;;;;;;;;;;;;;;;;;00.000;3;00.000;1;00.000;;00.000;;00.000;;00.000;;00.000;;00.000;    ;Schmickler Performance powered by Ravenol;;Porsche 718 Cayman GT4 CS;31;5;+18.597;+05.315;7;+18.597;+00.447;4;9:02.247;9:02.247;Y;56.190;00.447;;;10:05:48;3631;10:05:48;161.714;;14;0;14;0;0;962;8:43.650;Bednarski/Stegmann Lorenz;Bednarski/Stegmann Lorenz;167.457;;2;32;32;0;962;8:43.650;Bednarski/Stegmann Lorenz;Bednarski/Stegmann Lorenz;167.457;111.56 ;9:02.247;3;2;4:42.861;3;2:52.720;;;;;42049       ;Porsche                       ;2;;;0;0;2;0;;0;1;0;0;0;0
0032;944;Oehm;CUP3                                                        ;0000CUP3                                                        ;CUP3;A(Cup3)                                                     ;2;2;Oehme;Leonard;Düsseldorf;;;DE-ITC-C19323;;;Oehme;Moritz;Düsseldorf;;PRO;DE-ITC-C17889;;;;;;;;;;;;;;;;;;;;;;;;;;;;;;;;;;;;;;;;;;;;;;;;;;;2;00.000;3;00.000;;00.000;;00.000;;00.000;;00.000;;00.000;;00.000;    ;;;Porsche 718 Cayman GT4 CS;32;6;+22.364;+03.767;8;+22.364;+03.767;5;9:06.014;9:06.014;N;59.957;03.767;;;10:07:51;3733;10:07:51;160.598;;14;0;14;0;0;962;8:43.650;Bednarski/Stegmann Lorenz;Bednarski/Stegmann Lorenz;167.457;;2;32;32;0;962;8:43.650;Bednarski/Stegmann Lorenz;Bednarski/Stegmann Lorenz;167.457;112.34 ;9:06.014;3;3;3:31.591;4;2:03.728;;;;;            ;Porsche                       ;2;;;0;0;2;0;;1;0;0;0;0;0
0033;939;Himm;CUP3                                                        ;0000CUP3                                                        ;CUP3;A(Cup3)                                                     ;2;2;Himmels;Yannik;Heinsberg;;"H&R Spezialfedern";DE-ITC-C41717;;;Duve;Andre;Lohmar;;AM;DE-ITC-C19277;;;;;;;;;;;;;;;;;;;;;;;;;;;;;;;;;;;;;;;;;;;;;;;;;;;4;00.000;;00.000;;00.000;;00.000;;00.000;;00.000;;00.000;;00.000;    ;Mühlner Motorsport;;Porsche 718 Cayman GT4 CS;33;7;+23.012;+00.648;9;+23.012;+00.648;4;9:06.662;9:06.662;Y;1:00.605;00.648;;;10:07:36;3717;10:07:36;160.408;;14;0;14;0;0;962;8:43.650;Bednarski/Stegmann Lorenz;Bednarski/Stegmann Lorenz;167.457;;2;32;32;0;962;8:43.650;Bednarski/Stegmann Lorenz;Bednarski/Stegmann Lorenz;167.457;112.47 ;9:06.662;2;2;21:35.180;5;;;;;;910354      ;Porsche                       ;1;;;0;0;2;0;;0;0;1;0;0;0
0034;801;Østv;TCR                                                         ;0000TCR                                                         ;TCR;;2;2;Østvold;Kenneth;Norwegen;;;NO-ITB-28511;;;Lindstad;Anders;Norwegen;;;NO-ITB-IRAC32715;;;;;;;;;;;;;;;;;;;;;;;;;;;;;;;;;;;;;;;;;;;;;;;;;;;5;00.000;;00.000;;00.000;;00.000;;00.000;;00.000;;00.000;;00.000;    ;Møller Bil Motorsport;;Audi RS3 LMS;34;1;;;10;+23.670;+00.658;5;9:07.320;9:07.320;Y;1:01.263;00.658;;;9:57:03;3212;9:57:03;160.215;;3;0;3;0;0;801;9:07.320;Østvold/Lindstad Anders;Østvold/Lindstad Anders;160.215;;2;32;32;0;962;8:43.650;Bednarski/Stegmann Lorenz;Bednarski/Stegmann Lorenz;167.457;112.60 ;9:12.898;2;3;11:21.559;6;;;;;;ANF55063    ;Audi                          ;1;;;0;2;2;0;;0;0;0;0;0;0
0035;155;Gres;SP8T                                                        ;0000SP8T                                                        ;SP8T;;1;1;Gresek;Richard;Frankfurt am Main;;;DE-ITC-C27523;;;Gresek;Philipp;Darmstadt;;;DE-ITC-C30840;;;;;;;;;;;;;;;;;;;;;;;;;;;;;;;;;;;;;;;;;;;;;;;;;;;4;00.000;;00.000;;00.000;;00.000;;00.000;;00.000;;00.000;;00.000;    ;Plusline Motorsport;;BMW M4 GT4;35;3;+28.579;+21.355;25;+1:03.780;+11.865;4;9:09.837;9:09.837;N;1:03.780;02.517;;;10:01:20;3462;10:01:20;159.481;;9;0;9;0;0;191;8:41.258;Böckmann/Rennhofer Raphael;Böckmann/Rennhofer Raphael;168.225;;1;40;40;0;34;8:06.057;Krognes/Villagomez Mateo/Buchardt Anders;Krognes/Villagomez Mateo/Buchardt Anders;180.408;113.12 ;9:09.837;2;2;13:31.207;5;;;;;;51398       ;BMW                           ;1;;;0;1;1;0;;0;0;0;0;0;0
0036;777;Goro;TCR                                                         ;0000TCR                                                         ;TCR;;2;2;Goroyan;Artur;Armenien;;;AM-ITC001ARM;;;Mavlanov;Roman;Armenien;;;AM-ITC-002-ARM;;;Kvitka;Oleg;Kirgisistan;;;KZ-ITC-C25016;;;Brink;Danny;Külsheim;;;DE-ITC-C12959;;;;;;;;;;;;;;;;;;;;;;;;;;;;;;;;;;;1;00.000;1;00.000;;00.000;;00.000;;00.000;;00.000;;00.000;;00.000;    ;Goroyan RT by sharky-racing;;Audi RS3;36;2;+02.590;+02.590;11;+26.260;+02.590;2;9:09.910;9:09.910;Y;1:03.853;00.073;;;10:05:22;3606;10:05:22;159.460;;3;0;3;0;0;801;9:07.320;Østvold/Lindstad Anders;Østvold/Lindstad Anders;160.215;;2;32;32;0;962;8:43.650;Bednarski/Stegmann Lorenz;Bednarski/Stegmann Lorenz;167.457;113.14 ;9:09.910;4;1;2:56.294;1;8:49.865;;;;;001-ARM     ;Audi                          ;2;;;0;0;2;0;;0;0;0;0;0;0
0037;800;Mont;TCR                                                         ;0000TCR                                                         ;TCR;;2;2;Monteiro;Tiago;Portugal;;;PT-25/3024;;;Halder;Mike;Leibertingen;;;DE-ITC-C24542;;;;;;;;;;;;;;;;;;;;;;;;;;;;;;;;;;;;;;;;;;;;;;;;;;;1;00.000;2;00.000;;00.000;;00.000;;00.000;;00.000;;00.000;;00.000;    ;ALM Motorsport;;Honda Civic TCR FL5;37;3;+02.931;+00.341;12;+26.601;+00.341;3;9:10.251;9:10.251;Y;1:04.194;00.341;;;10:01:21;3463;10:01:21;159.361;;3;0;3;0;0;801;9:07.320;Østvold/Lindstad Anders;Østvold/Lindstad Anders;160.215;;2;32;32;0;962;8:43.650;Bednarski/Stegmann Lorenz;Bednarski/Stegmann Lorenz;167.457;113.21 ;9:10.251;3;2;6:35.768;3;9:17.590;;;;;R0049       ;Honda                         ;2;;;0;1;2;0;;0;0;0;0;0;0
0038;909;Vazq;CUP2                                                        ;0000CUP2                                                        ;CUP2;;1;1;Vazquez-Garcia;Tobias;Baesweiler;;;DE-ITC-C16898;;;Leib;Fidel;Neuravensburg;;PRO;DE-ITC-C11188;;;'Leo Messenger';;Bergisch Gladbach;;;FR-195392;;;;;;;;;;;;;;;;;;;;;;;;;;;;;;;;;;;;;;;;;;;3;00.000;;00.000;2;00.000;;00.000;;00.000;;00.000;;00.000;;00.000;    ;Kkrämer Racing;;Porsche 911 GT3 Cup;38;9;+54.803;+22.836;26;+1:05.497;+01.717;5;9:11.554;9:11.554;Y;1:05.497;01.303;;;9:57:32;3244;9:57:32;158.985;;13;0;13;0;0;917;8:16.751;Kikireshko/Bastian Nico/Heinemann Tim;Kikireshko/Bastian Nico/Heinemann Tim;176.525;;1;40;40;0;34;8:06.057;Krognes/Villagomez Mateo/Buchardt Anders;Krognes/Villagomez Mateo/Buchardt Anders;180.408;113.48 ;9:11.554;2;3;3:45.932;6;;;;;;48529       ;Porsche                       ;1;;;0;0;1;0;;1;0;0;0;0;0
0039;949;Beye;CUP3                                                        ;0000CUP3                                                        ;CUP3;A(Cup3)                                                     ;2;2;Beyer;Stefan;Neustadt/Aisch;;;DE-ITC-C25446;;;Vingilis;Kasparas;Litauen;;PRO/AM;LT-2025-ITB500;;;Müller;Tim Lukas;Remscheid;;;DE-ITC-C36054;;;;;;;;;;;;;;;;;;;;;;;;;;;;;;;;;;;;;;;;;;;1;00.000;2;00.000;;00.000;;00.000;;00.000;;00.000;;00.000;;00.000;    ;SRS Team Sorg Rennsport;;Porsche 718 Cayman GT4 CS;39;8;+29.372;+06.360;13;+29.372;+02.771;3;9:13.022;9:13.022;N;1:06.965;01.468;;;10:03:19;3529;10:03:19;158.563;;14;0;14;0;0;962;8:43.650;Bednarski/Stegmann Lorenz;Bednarski/Stegmann Lorenz;167.457;;2;32;32;0;962;8:43.650;Bednarski/Stegmann Lorenz;Bednarski/Stegmann Lorenz;167.457;113.78 ;9:13.022;4;2;14:18.012;2;2:11.038;;;;;38068       ;Porsche                       ;2;;;0;0;2;0;;0;1;0;0;0;0
0040;966;Berw;CUP3                                                        ;0000CUP3                                                        ;CUP3;A(Cup3)                                                     ;2;2;Berwanger;Kim;Brücken;;;DE-ITC-C13825;;;Kohlhaas;Christian;Andernach;;AM;DE-ITC-39615;;;Dolfen;Heinz;Jülich;;;DE-ITC-C16164;;;;;;;;;;;;;;;;;;;;;;;;;;;;;;;;;;;;;;;;;;;1;00.000;;00.000;2;00.000;;00.000;;00.000;;00.000;;00.000;;00.000;    ;;;Porsche 718 Cayman GT4 CS;40;9;+29.894;+00.522;14;+29.894;+00.522;3;9:13.544;9:13.544;Y;1:07.487;00.522;;;10:03:12;3522;10:03:12;158.413;;14;0;14;0;0;962;8:43.650;Bednarski/Stegmann Lorenz;Bednarski/Stegmann Lorenz;167.457;;2;32;32;0;962;8:43.650;Bednarski/Stegmann Lorenz;Bednarski/Stegmann Lorenz;167.457;113.88 ;9:13.544;3;2;13:49.535;2;4:19.966;;;;;            ;Porsche                       ;1;;;0;1;2;0;;0;0;1;0;0;0
0041;969;Grab;CUP3                                                        ;0000CUP3                                                        ;CUP3;A(Cup3)                                                     ;2;2;Graberg;Tommy;Schweden;;;SE-12972;;;Hislop;Joshua;Vereinigtes Königreich;;AM;GB-295105;;;Stieler;Jan-Niklas;Undenheim;;;DE-ITC-C48101;;;;;;;;;;;;;;;;;;;;;;;;;;;;;;;;;;;;;;;;;;;;00.000;;00.000;3;00.000;;00.000;;00.000;;00.000;;00.000;;00.000;    ;SRS Team Sorg Rennsport;;Porsche 718 Cayman GT4 CS;41;10;+30.413;+00.519;15;+30.413;+00.519;3;9:14.063;9:14.063;N;1:08.006;00.519;;;10:06:21;3653;10:06:21;158.265;;14;0;14;0;0;962;8:43.650;Bednarski/Stegmann Lorenz;Bednarski/Stegmann Lorenz;167.457;;2;32;32;0;962;8:43.650;Bednarski/Stegmann Lorenz;Bednarski/Stegmann Lorenz;167.457;113.99 ;9:14.063;3;2;2:48.801;3;2:02.217;;;;;38068       ;Porsche                       ;3;;;0;0;2;0;;0;0;1;0;0;0
0042;910;Koch;CUP2                                                        ;0000CUP2                                                        ;CUP2;;1;1;Koch;Alex;Ispringen;;;DE-ITC-C40232;;;Koch;Klaus;Erbach;;AM;DE-ITC-C32517;;;Koch;Niklas;Riedstadt;;;DE-ITC-C18369;;;;;;;;;;;;;;;;;;;;;;;;;;;;;;;;;;;;;;;;;;;;00.000;;00.000;2;00.000;;00.000;;00.000;;00.000;;00.000;;00.000;    ;Smyrlis Racing;;Porsche 911 GT3 Cup;42;10;+57.629;+02.826;27;+1:08.323;+02.826;2;9:14.380;9:14.380;N;1:08.323;00.317;;;9:57:59;3272;9:57:59;158.175;;13;0;13;0;0;917;8:16.751;Kikireshko/Bastian Nico/Heinemann Tim;Kikireshko/Bastian Nico/Heinemann Tim;176.525;;1;40;40;0;34;8:06.057;Krognes/Villagomez Mateo/Buchardt Anders;Krognes/Villagomez Mateo/Buchardt Anders;180.408;114.06 ;9:14.380;2;2;17:39.337;3;;;;;;49425       ;Porsche                       ;3;;;0;0;1;0;;0;0;1;0;0;0
0043;919;Chrz;CUP2                                                        ;0000CUP2                                                        ;CUP2;;1;1;Chrzanowski;Robin;Langenfeld;;;DE-ITC-C24785;;;Jodexnis;Kersten;Hannover;;AM;DE-ITC-C41095;;;;;;;;;;;;;;;;;;;;;;;;;;;;;;;;;;;;;;;;;;;;;;;;;;;2;00.000;;00.000;;00.000;;00.000;;00.000;;00.000;;00.000;;00.000;    ;;;Porsche 911 GT3 Cup;43;11;+57.926;+00.297;28;+1:08.620;+00.297;2;9:14.677;9:14.677;Y;1:08.620;00.297;;;9:38:45;2107;9:38:45;158.090;;13;0;13;0;0;917;8:16.751;Kikireshko/Bastian Nico/Heinemann Tim;Kikireshko/Bastian Nico/Heinemann Tim;176.525;;1;40;40;0;34;8:06.057;Krognes/Villagomez Mateo/Buchardt Anders;Krognes/Villagomez Mateo/Buchardt Anders;180.408;114.12 ;9:14.677;1;3;;0;;;;;;            ;Porsche                       ;1;;;0;1;1;0;;0;0;1;0;0;0
0044;146;Schr;SP8T                                                        ;0000SP8T                                                        ;SP8T;;1;1;Schreiner;Carrie;Euskirchen;;;DE-ITB-46177;;;Schall;Janina;Dornstadt;;;DE-ITC-C41200;;;;;;;;;;;;;;;;;;;;;;;;;;;;;;;;;;;;;;;;;;;;;;;;;;;3;00.000;2;00.000;;00.000;;00.000;;00.000;;00.000;;00.000;;00.000;    ;GITI TIRE MOTORSPORT BY WS RACING;;BMW M4 GT4;44;4;+35.836;+07.257;29;+1:11.037;+02.417;5;9:17.094;9:17.094;Y;1:11.037;02.417;;;10:06:15;3649;10:06:15;157.404;;9;0;9;0;0;191;8:41.258;Böckmann/Rennhofer Raphael;Böckmann/Rennhofer Raphael;168.225;;1;40;40;0;34;8:06.057;Krognes/Villagomez Mateo/Buchardt Anders;Krognes/Villagomez Mateo/Buchardt Anders;180.408;114.61 ;9:17.094;3;3;4:08.860;4;2:50.909;;;;;39165       ;BMW                           ;1;;;0;1;1;0;;0;0;0;0;0;0
0045;680;Rein;BMW M240i                                                   ;0000BMW M240i                                                   ;BMW M240;;2;2;Reinhard;Jannik;Horhausen;;;DE-ITC-C11259;;;Van Der Sanden;John;Niederlande;;;DE-ITC-C50712;;;Abee;Anton;Hamburg;;;DE-42706;;;;;;;;;;;;;;;;;;;;;;;;;;;;;;;;;;;;;;;;;;;1;00.000;;00.000;3;00.000;;00.000;;00.000;;00.000;;00.000;;00.000;    ;PTerting Sports by Up2Race;;BMW M240i Racing Cup;45;1;;;16;+36.164;+05.751;4;9:19.814;9:19.814;Y;1:13.757;02.720;;;10:08:31;3757;10:08:31;156.639;;7;0;7;0;0;680;9:19.814;Reinhard/Van Der Sanden John/Abee Anton;Reinhard/Van Der Sanden John/Abee Anton;156.639;;2;32;32;0;962;8:43.650;Bednarski/Stegmann Lorenz;Bednarski/Stegmann Lorenz;167.457;115.17 ;9:19.814;4;1;2:31.175;2;2:09.135;;;;;50743       ;BMW                           ;3;;;0;3;2;0;;0;0;0;0;0;0
0046;396;Faßb;V6                                                          ;0000V6                                                          ;V6;;3;3;Faßbender;Klaus;Kaisersesch;;;DE-ITC-C25829;;;Büllesbach;Christian;Buchholz;;;DE-ITC-C14210;;;Schettler;Andreas;Baden-Baden;;;DE-ITC-C23066;;;Zils;Daniel;Bendorf;;;DE-ITC-C19577;;;;;;;;;;;;;;;;;;;;;;;;;;;;;;;;;;;;00.000;;00.000;2;00.000;2;00.000;;00.000;;00.000;;00.000;;00.000;    ;Adrenalin Motorsport Team Mainhattan Wheels;;Porsche Cayman S;46;1;;;1;;;5;9:21.123;9:21.123;Y;1:15.066;01.309;;;10:07:18;3702;10:07:18;156.274;;3;0;3;0;0;396;9:21.123;Faßbender/Büllesbach Christian/Schettler Andreas/Zils Daniel;Faßbender/Büllesbach Christian/Schettler Andreas/Zils Daniel;156.274;;3;36;34;2;396;9:21.123;Faßbender/Büllesbach Christian/Schettler Andreas/Zils Daniel;Faßbender/Büllesbach Christian/Schettler Andreas/Zils Daniel;156.274;115.44 ;9:21.123;3;3;2:59.905;4;3:32.516;;;;;41637       ;Porsche                       ;3;;;0;2;3;0;;0;0;0;0;0;0
0047;941;Krus;CUP3                                                        ;0000CUP3                                                        ;CUP3;A(Cup3)                                                     ;2;2;Kruse;Stefan;Löhne;;;DE-ITC-C14751;;;Wenisch;Aaron;Neuenkirchen;;AM;DE-ITC-C15761;;;Deißler;Nick;Obertshausen;;;DE-ITC-C25703;;;;;;;;;;;;;;;;;;;;;;;;;;;;;;;;;;;;;;;;;;;1;00.000;2;00.000;2;00.000;;00.000;;00.000;;00.000;;00.000;;00.000;    ;Adrenalin Motorsport Team Mainhattan Wheels;;Porsche 718 Cayman GT4 CS;47;11;+40.383;+09.970;17;+40.383;+04.219;5;9:24.033;9:24.033;N;1:17.976;02.910;;;10:04:15;3571;10:04:15;155.467;;14;0;14;0;0;962;8:43.650;Bednarski/Stegmann Lorenz;Bednarski/Stegmann Lorenz;167.457;;2;32;32;0;962;8:43.650;Bednarski/Stegmann Lorenz;Bednarski/Stegmann Lorenz;167.457;116.04 ;9:24.033;3;3;2:26.421;4;2:39.024;;;;;41637       ;Porsche                       ;3;;;0;0;2;0;;0;0;1;0;0;0
0048;906;Bonk;CUP2                                                        ;0000CUP2                                                        ;CUP2;;1;1;Bonk;Ralf-Peter;Senden;;;DE-ITC-C25688;;;Van Ramshorst;Marco;Niederlande;;AM;NL-IC38494;;;;;;;;;;;;;;;;;;;;;;;;;;;;;;;;;;;;;;;;;;;;;;;;;;;2;00.000;;00.000;;00.000;;00.000;;00.000;;00.000;;00.000;;00.000;    ;;;Porsche 911 GT3 Cup;48;12;+1:07.504;+09.578;30;+1:18.198;+07.161;2;9:24.255;9:24.255;N;1:18.198;00.222;;;10:05:47;3630;10:05:47;155.406;;13;0;13;0;0;917;8:16.751;Kikireshko/Bastian Nico/Heinemann Tim;Kikireshko/Bastian Nico/Heinemann Tim;176.525;;1;40;40;0;34;8:06.057;Krognes/Villagomez Mateo/Buchardt Anders;Krognes/Villagomez Mateo/Buchardt Anders;180.408;116.09 ;9:24.255;3;1;2:12.744;2;10:40.102;;;;;            ;Porsche                       ;1;;;0;0;1;0;;0;0;1;0;0;0
0049;312;Wawe;SP3T                                                        ;0000SP3T                                                        ;SP3T;;2;2;Wawer;Achim;Stuttgart;;;DE-ITC-C15827;;;Rönnefarth;Maik;Kalenborn;;;DE-ITC-C25849;;;Knechtges;Carsten;Mayen;;;DE-ITC-C26088;;;;;;;;;;;;;;;;;;;;;;;;;;;;;;;;;;;;;;;;;;;2;00.000;2;00.000;1;00.000;;00.000;;00.000;;00.000;;00.000;;00.000;    ;Schmickler Performance powered by Ravenol;;Porsche 982 Turbo;49;1;;;18;+40.982;+00.599;5;9:24.632;9:24.632;N;1:18.575;00.377;;;10:06:21;3655;10:06:21;155.303;;3;0;3;0;0;312;9:24.632;Wawer/Rönnefarth Maik/Knechtges Carsten;Wawer/Rönnefarth Maik/Knechtges Carsten;155.303;;2;32;32;0;962;8:43.650;Bednarski/Stegmann Lorenz;Bednarski/Stegmann Lorenz;167.457;116.17 ;9:24.632;3;3;2:26.782;5;2:07.500;;;;;42049       ;Porsche                       ;3;;;0;3;2;0;;0;0;0;0;0;0
0050;33;Krus;AT 3                                                        ;0000AT 3                                                        ;AT 3;;2;2;Kruse;Max;Berlin;;;DE-ITD-C44870;;;Otto;Nico;Grevenbroich;;;DE-ITC-C12612;;;;;;;;;;;;;;;;;;;;;;;;;;;;;;;;;;;;;;;;;;;;;;;;;;;2;00.000;2;00.000;;00.000;;00.000;;00.000;;00.000;;00.000;;00.000;    ;Max Kruse Racing;;VW Golf VII;50;3;+29.472;+22.988;19;+41.138;+00.156;4;9:24.788;9:24.788;Y;1:18.731;00.156;;;9:55:19;3095;9:55:19;155.260;;3;0;3;0;0;10;8:55.316;Lenz/Preisig Jasmin/Hochwind Timo;Lenz/Preisig Jasmin/Hochwind Timo;163.808;;2;32;32;0;962;8:43.650;Bednarski/Stegmann Lorenz;Bednarski/Stegmann Lorenz;167.457;116.20 ;9:24.788;3;2;2:18.638;4;2:06.570;;;;;42051       ;VW                            ;2;;;0;2;2;0;;0;0;0;0;0;0
0051;410;Schä;V6                                                          ;0000V6                                                          ;V6;;3;3;Schäfer;Richard;Adenau;;"MSC Adenau e.V. im ADAC";DE-ITC-C26444;;;Larbi;Jérôme;Stuttgart;;;DE-ITC-C18440;;;Ackermann;David;Döttingen;;;DE-ITC-C39509;;;;;;;;;;;;;;;;;;;;;;;;;;;;;;;;;;;;;;;;;;;2;00.000;2;00.000;;00.000;;00.000;;00.000;;00.000;;00.000;;00.000;    ;;;Porsche Cayman;51;2;+04.252;+04.252;2;+04.252;+04.252;4;9:25.375;9:25.375;Y;1:19.318;00.587;;;10:05:31;3619;10:05:31;155.098;;3;0;3;0;0;396;9:21.123;Faßbender/Büllesbach Christian/Schettler Andreas/Zils Daniel;Faßbender/Büllesbach Christian/Schettler Andreas/Zils Daniel;156.274;;3;36;34;2;396;9:21.123;Faßbender/Büllesbach Christian/Schettler Andreas/Zils Daniel;Faßbender/Büllesbach Christian/Schettler Andreas/Zils Daniel;156.274;116.32 ;9:25.375;4;1;1:03.155;2;6:21.094;;;;;            ;Porsche                       ;1;;;0;2;3;0;;0;0;0;0;0;0
0052;323;Stan;SP3T                                                        ;0000SP3T                                                        ;SP3T;;2;2;Stanco;Armando;Schweiz;;;CH-ITC-C 1108;;;Stanco;Dario;Schweiz;;;CH-ITC-C 280;;;;;;;;;;;;;;;;;;;;;;;;;;;;;;;;;;;;;;;;;;;;;;;;;;;2;00.000;3;00.000;;00.000;;00.000;;00.000;;00.000;;00.000;;00.000;    ;;;Audi RS3 TCR;52;2;+01.437;+01.437;20;+42.419;+01.281;5;9:26.069;9:26.069;Y;1:20.012;00.694;;;10:06:48;3678;10:06:48;154.908;;3;0;3;0;0;312;9:24.632;Wawer/Rönnefarth Maik/Knechtges Carsten;Wawer/Rönnefarth Maik/Knechtges Carsten;155.303;;2;32;32;0;962;8:43.650;Bednarski/Stegmann Lorenz;Bednarski/Stegmann Lorenz;167.457;116.46 ;9:26.069;3;3;2:17.060;5;1:55.526;;;;;            ;Audi                          ;2;;;0;1;2;0;;0;0;0;0;0;0
0053;50;Heim;SP9 AM                                                      ;0000SP9 AM                                                      ;SP9 AM;;1;1;Heimrich;Michael;Oberursel/Ts.;;;DE-ITC-C20178;;;Klasen;Arno;Karlshausen;;;DE-ITC-C25715;;;Steinhardt;Sascha;Hilden;;;DE-ITC-C34596;;;;;;;;;;;;;;;;;;;;;;;;;;;;;;;;;;;;;;;;;;;;00.000;;00.000;2;00.000;;00.000;;00.000;;00.000;;00.000;;00.000;    ;équipe vitesse;;Audi R8 LMS GT3;53;4;+1:07.770;+33.658;31;+1:22.080;+03.882;2;9:28.137;9:28.137;Y;1:22.080;02.068;;;9:39:48;2165;9:39:48;154.344;;4;0;4;0;0;786;8:20.367;Nana/Breuer Christoph/'Dieter Schmidtmann' ;Nana/Breuer Christoph/'Dieter Schmidtmann' ;175.249;;1;40;40;0;34;8:06.057;Krognes/Villagomez Mateo/Buchardt Anders;Krognes/Villagomez Mateo/Buchardt Anders;180.408;116.89 ;11:07.966;;;;;;;;;;42062       ;Audi                          ;3;;;0;0;1;0;;0;0;0;0;0;0
0054;467;Bohr;VT2-F+4WD                                                   ;0000VT2-F+4WD                                                   ;VT2-F+4W;;3;3;Bohrer;Michael;Merzig;;;DE-ITC-C17065;;;Holthaus;Gerrit;Lüdenscheid;;;DE-ITC-C17508;;;Epp;Stephan;Wuppertal;;;DE-ITC-C24372;;;;;;;;;;;;;;;;;;;;;;;;;;;;;;;;;;;;;;;;;;;2;00.000;;00.000;;00.000;;00.000;;00.000;;00.000;;00.000;;00.000;    ;;;Hyundai i30 N;54;1;;;3;+11.000;+06.748;2;9:32.123;9:32.123;N;1:26.066;03.986;;;9:58:33;3302;9:58:33;153.269;;10;0;10;0;0;467;9:32.123;Bohrer/Holthaus Gerrit/Epp Stephan;Bohrer/Holthaus Gerrit/Epp Stephan;153.269;;3;36;34;2;396;9:21.123;Faßbender/Büllesbach Christian/Schettler Andreas/Zils Daniel;Faßbender/Büllesbach Christian/Schettler Andreas/Zils Daniel;156.274;117.71 ;9:32.123;2;2;20:20.979;3;;;;;;            ;Hyundai                       ;1;;;0;1;3;0;;0;0;0;0;0;0
0055;494;Frit;VT2-F+4WD                                                   ;0000VT2-F+4WD                                                   ;VT2-F+4W;;3;3;Fritzsche;Pascal Otto;Wipperfürth;;;DE-ITC-C39200;;;Schönfeld;Thomas;Hückeswagen;;;DE-ITD-C42467;;;;;;;;;;;;;;;;;;;;;;;;;;;;;;;;;;;;;;;;;;;;;;;;;;;3;00.000;1;00.000;;00.000;;00.000;;00.000;;00.000;;00.000;;00.000;    ;;;VW Golf VIII GTI Clubsport;55;2;+00.744;+00.744;4;+11.744;+00.744;4;9:32.867;9:32.867;Y;1:26.810;00.744;;;10:01:24;3465;10:01:24;153.070;;10;0;10;0;0;467;9:32.123;Bohrer/Holthaus Gerrit/Epp Stephan;Bohrer/Holthaus Gerrit/Epp Stephan;153.269;;3;36;34;2;396;9:21.123;Faßbender/Büllesbach Christian/Schettler Andreas/Zils Daniel;Faßbender/Büllesbach Christian/Schettler Andreas/Zils Daniel;156.274;117.86 ;9:32.867;3;2;3:34.645;3;4:52.186;;;;;            ;VW                            ;1;;;0;1;3;0;;0;0;0;0;0;0
0056;456;Schi;V5                                                          ;0000V5                                                          ;V5;;3;3;Schiede;Marvin;Berlin;;;DE-ITD-C42483;;;O´Dey;Levi;Jülich;;;DE-ITC-C43916;;;;;;;;;;;;;;;;;;;;;;;;;;;;;;;;;;;;;;;;;;;;;;;;;;;;00.000;3;00.000;;00.000;;00.000;;00.000;;00.000;;00.000;;00.000;    ;;;Porsche Cayman;56;1;;;5;+14.924;+03.180;3;9:36.047;9:36.047;N;1:29.990;03.180;;;9:58:56;3329;9:58:56;152.225;;5;0;5;0;0;456;9:36.047;Schiede/O´Dey Levi;Schiede/O´Dey Levi;152.225;;3;36;34;2;396;9:21.123;Faßbender/Büllesbach Christian/Schettler Andreas/Zils Daniel;Faßbender/Büllesbach Christian/Schettler Andreas/Zils Daniel;156.274;118.51 ;9:36.047;2;2;3:25.033;4;;;;;;            ;Porsche                       ;2;;;0;1;3;0;;0;0;0;0;0;0
0057;70;Bars;SP7                                                         ;0000SP7                                                         ;SP7;;1;1;Barst;David;Schweiz;;;CH-1209;;;Ruf;Anton;Kronberg;;;DE-ITC-C16392;;;Sartingen;Axel;Köln;;;DE-ITC-C12895;;;;;;;;;;;;;;;;;;;;;;;;;;;;;;;;;;;;;;;;;;;;00.000;4;00.000;;00.000;;00.000;;00.000;;00.000;;00.000;;00.000;    ;BLACK FALCON Team ZIMMERMANN;;Porsche 718 Cayman GT4 RS;57;1;;;32;+1:30.645;+08.565;4;9:36.702;9:36.702;Y;1:30.645;00.655;;;10:04:53;3591;10:04:53;152.052;;3;0;3;0;0;70;9:36.702;Barst/Ruf Anton/Sartingen Axel;Barst/Ruf Anton/Sartingen Axel;152.052;;1;40;40;0;34;8:06.057;Krognes/Villagomez Mateo/Buchardt Anders;Krognes/Villagomez Mateo/Buchardt Anders;180.408;118.65 ;9:36.702;2;3;16:53.513;5;;;;;;51397       ;Porsche                       ;2;;;0;4;1;0;;0;0;0;0;0;0
0058;500;Leis;VT2-RWD                                                     ;0000VT2-RWD                                                     ;VT2-RWD;;3;3;Leisen;Philipp;Irrel;;;DE-ITC-C24866;;;Stahlschmidt;Philipp;München;;;DE-ITC-C25285;;;Zils;Daniel;Bendorf;;;DE-ITC-C19577;;;;;;;;;;;;;;;;;;;;;;;;;;;;;;;;;;;;;;;;;;;1;00.000;3;00.000;;00.000;;00.000;;00.000;;00.000;;00.000;;00.000;    ;Adrenalin Motorsport Team Mainhattan Wheels;;BMW 330i;58;1;;;6;+18.955;+04.031;5;9:40.078;9:40.078;N;1:34.021;03.376;;;10:08:20;3750;10:08:20;151.167;;10;0;9;1;0;500;9:40.078;Leisen/Stahlschmidt Philipp/Zils Daniel;Leisen/Stahlschmidt Philipp/Zils Daniel;151.167;;3;36;34;2;396;9:21.123;Faßbender/Büllesbach Christian/Schettler Andreas/Zils Daniel;Faßbender/Büllesbach Christian/Schettler Andreas/Zils Daniel;156.274;119.34 ;9:40.078;2;4;13:05.777;6;;;;;;41637       ;BMW                           ;1;;;0;4;3;0;;0;0;0;0;0;0
0059;470;Jung;VT2-F+4WD                                                   ;0000VT2-F+4WD                                                   ;VT2-F+4W;;3;3;Jung;Tobias;Bornheim;;;DE-ITC-C18645;;;Schmitz;Christoph;Bocholt;;;DE-ITC-C46356;;;Unland;Marcel;Isselburg;;;DE-ITC-C27610;;;;;;;;;;;;;;;;;;;;;;;;;;;;;;;;;;;;;;;;;;;;00.000;;00.000;2;00.000;;00.000;;00.000;;00.000;;00.000;;00.000;    ;Auto Thomas by Jung Motorsport;;Cupra Leon;59;3;+07.999;+07.255;7;+18.999;+00.044;2;9:40.122;9:40.122;Y;1:34.065;00.044;;;10:05:22;3605;10:05:22;151.156;;10;0;10;0;0;467;9:32.123;Bohrer/Holthaus Gerrit/Epp Stephan;Bohrer/Holthaus Gerrit/Epp Stephan;153.269;;3;36;34;2;396;9:21.123;Faßbender/Büllesbach Christian/Schettler Andreas/Zils Daniel;Faßbender/Büllesbach Christian/Schettler Andreas/Zils Daniel;156.274;119.35 ;9:40.122;2;2;3:40.589;3;;;;;;41127       ;Cupra                         ;3;;;0;0;3;0;;0;0;0;0;0;0
0060;515;Manh;VT2-RWD                                                     ;0000VT2-RWD                                                     ;VT2-RWD;;3;3;Manheller;Marcel;Döttingen;;;DE-ITC-C25831;;;Barth;Harald;Bonn;;;DE-ITC-C29421;;;Seki;Yutaka;Japan;;;JP-140582220220;;;;;;;;;;;;;;;;;;;;;;;;;;;;;;;;;;;;;;;;;;;1;00.000;1;00.000;2;00.000;;00.000;;00.000;;00.000;;00.000;;00.000;    ;Manheller Racing;;Toyota Supra;60;2;+01.414;+01.414;8;+20.369;+01.370;4;9:41.492;9:41.492;Y;1:35.435;01.370;;;10:04:02;3564;10:04:02;150.800;;10;0;9;1;0;500;9:40.078;Leisen/Stahlschmidt Philipp/Zils Daniel;Leisen/Stahlschmidt Philipp/Zils Daniel;151.167;;3;36;34;2;396;9:21.123;Faßbender/Büllesbach Christian/Schettler Andreas/Zils Daniel;Faßbender/Büllesbach Christian/Schettler Andreas/Zils Daniel;156.274;119.63 ;9:41.492;3;2;2:45.396;4;2:28.673;;;;;51636       ;Toyota                        ;1;;;0;1;3;0;;0;0;0;0;0;0
0061;492;Till;VT2-F+4WD                                                   ;0000VT2-F+4WD                                                   ;VT2-F+4W;;3;3;Tillmann;Fabian;Paderborn;;"MSC Adenau e.V. im ADAC";DE-ITC-C36595;;;Son;Geon;Südkorea;;;KR-ITD-C DR021357;;;;;;;;;;;;;;;;;;;;;;;;;;;;;;;;;;;;;;;;;;;;;;;;;;;2;00.000;3;00.000;;00.000;;00.000;;00.000;;00.000;;00.000;;00.000;    ;STENLE Marketing by Mertens Motorsport;;Hyundai i30 N;61;4;+10.230;+02.231;9;+21.230;+00.861;5;9:42.353;9:42.353;N;1:36.296;00.861;;;10:04:58;3596;10:04:58;150.577;;10;0;10;0;0;467;9:32.123;Bohrer/Holthaus Gerrit/Epp Stephan;Bohrer/Holthaus Gerrit/Epp Stephan;153.269;;3;36;34;2;396;9:21.123;Faßbender/Büllesbach Christian/Schettler Andreas/Zils Daniel;Faßbender/Büllesbach Christian/Schettler Andreas/Zils Daniel;156.274;119.81 ;9:42.353;2;4;3:43.438;6;;;;;;42457       ;Hyundai                       ;1;;;0;0;3;0;;0;0;0;0;0;0
0062;504;Ooms;VT2-RWD                                                     ;0000VT2-RWD                                                     ;VT2-RWD;;3;3;Ooms;Piet-Jan;Niederlande;;;NL-51766;;;de Groot;Calvin;Niederlande;;;NL-42664;;;Rauer;Marius;Willstätt;;;DE-ITC-C15818;;;;;;;;;;;;;;;;;;;;;;;;;;;;;;;;;;;;;;;;;;;2;00.000;1;00.000;;00.000;;00.000;;00.000;;00.000;;00.000;;00.000;    ;SRS Team Sorg Rennsport;;BMW 330i;62;3;+02.512;+01.098;10;+21.467;+00.237;4;9:42.590;9:42.590;Y;1:36.533;00.237;;;10:01:07;3449;10:01:07;150.515;;10;0;9;1;0;500;9:40.078;Leisen/Stahlschmidt Philipp/Zils Daniel;Leisen/Stahlschmidt Philipp/Zils Daniel;151.167;;3;36;34;2;396;9:21.123;Faßbender/Büllesbach Christian/Schettler Andreas/Zils Daniel;Faßbender/Büllesbach Christian/Schettler Andreas/Zils Daniel;156.274;119.86 ;9:42.590;3;3;5:21.836;4;3:16.349;;;;;38068       ;BMW                           ;2;;;0;1;3;0;;0;0;0;0;0;0
0063;81;Neuf;SP7                                                         ;0000SP7                                                         ;SP7;;1;1;Neuffer;Reiner;Kuppingen;;;DE-ITC-C25561;;;Sacchi;Fabio;Weinsberg;;;DE-ITC-C17703;;;Höpfer;Benedikt;Schorndorf;;;DE-ITC-C39863;;;;;;;;;;;;;;;;;;;;;;;;;;;;;;;;;;;;;;;;;;;2;00.000;1;00.000;1;00.000;;00.000;;00.000;;00.000;;00.000;;00.000;    ;;;Porsche 718 Cayman GT4 CS;63;2;+06.836;+06.836;33;+1:37.481;+06.836;4;9:43.538;9:43.538;Y;1:37.481;00.948;;;10:03:02;3514;10:03:02;150.271;;3;0;3;0;0;70;9:36.702;Barst/Ruf Anton/Sartingen Axel;Barst/Ruf Anton/Sartingen Axel;152.052;;1;40;40;0;34;8:06.057;Krognes/Villagomez Mateo/Buchardt Anders;Krognes/Villagomez Mateo/Buchardt Anders;180.408;120.06 ;9:43.538;4;1;29.424;3;2:47.477;;;;;            ;Porsche                       ;2;;;0;2;1;0;;0;0;0;0;0;0
0064;400;Heuc;V6                                                          ;0000V6                                                          ;V6;;3;3;Heuchemer;Thomas;Bad Ems;;;DE-ITC-C25480;;;Heuchemer;Christian;Bad Ems;;;DE-ITC-C26340;;;Kloft;Sascha;Zehnhausen;;;DE-ITC-C13744;;;;;;;;;;;;;;;;;;;;;;;;;;;;;;;;;;;;;;;;;;;2;00.000;;00.000;1;00.000;;00.000;;00.000;;00.000;;00.000;;00.000;    ;Schmickler Performance powered by Ravenol;;Porsche 911;64;3;+25.837;+21.585;11;+25.837;+04.370;3;9:46.960;9:46.960;Y;1:40.903;03.422;;;10:04:38;3584;10:04:38;149.395;;3;0;3;0;0;396;9:21.123;Faßbender/Büllesbach Christian/Schettler Andreas/Zils Daniel;Faßbender/Büllesbach Christian/Schettler Andreas/Zils Daniel;156.274;;3;36;34;2;396;9:21.123;Faßbender/Büllesbach Christian/Schettler Andreas/Zils Daniel;Faßbender/Büllesbach Christian/Schettler Andreas/Zils Daniel;156.274;120.76 ;9:46.960;3;2;9:07.351;3;2:04.037;;;;;42049       ;Porsche                       ;1;;;0;0;3;0;;0;0;0;0;0;0
0065;1;Mark;BMW M240i                                                   ;0000BMW M240i                                                   ;BMW M240;;2;2;Markert;Sven;Berlin;;"ADAC Berlin-Brandenburg e.V.";DE-ITC-C13916;;;Wambach;Kevin;Bad Hönningen;;;DE-ITC-C14827;;;Rziczny;Adrian;Neuenkirchen-Vörden;;;DE-ITC-C19927;;;;;;;;;;;;;;;;;;;;;;;;;;;;;;;;;;;;;;;;;;;3;00.000;;00.000;2;00.000;;00.000;;00.000;;00.000;;00.000;;00.000;    ;Adrenalin Motorsport Team Mainhattan Wheels;;BMW M240i Racing Cup;65;2;+29.627;+29.627;21;+1:05.791;+23.372;5;9:49.441;9:49.441;N;1:43.384;02.481;;;10:07:06;3694;10:07:06;148.766;;7;0;7;0;0;680;9:19.814;Reinhard/Van Der Sanden John/Abee Anton;Reinhard/Van Der Sanden John/Abee Anton;156.639;;2;32;32;0;962;8:43.650;Bednarski/Stegmann Lorenz;Bednarski/Stegmann Lorenz;167.457;121.27 ;9:49.441;3;4;3:39.800;5;1:45.311;;;;;41637       ;BMW                           ;3;;;0;1;2;0;;0;0;0;0;0;0
0066;480;Dupr;VT2-F+4WD                                                   ;0000VT2-F+4WD                                                   ;VT2-F+4W;;3;3;Dupré;Christoph;Schiffweiler;;;DE-ITB35668;;;Nett;Joachim;Mendig;;;DE-ITC-C&R15657;;;Malinowski;Maximilan;Österreich;;;AT-JAC1430;;;;;;;;;;;;;;;;;;;;;;;;;;;;;;;;;;;;;;;;;;;;00.000;1;00.000;2;00.000;;00.000;;00.000;;00.000;;00.000;;00.000;    ;;;Audi S3;66;5;+17.786;+07.556;12;+28.786;+02.949;3;9:49.909;9:49.909;Y;1:43.852;00.468;;;10:03:03;3516;10:03:03;148.648;;10;0;10;0;0;467;9:32.123;Bohrer/Holthaus Gerrit/Epp Stephan;Bohrer/Holthaus Gerrit/Epp Stephan;153.269;;3;36;34;2;396;9:21.123;Faßbender/Büllesbach Christian/Schettler Andreas/Zils Daniel;Faßbender/Büllesbach Christian/Schettler Andreas/Zils Daniel;156.274;121.37 ;9:49.909;4;2;11:31.525;2;28.873;;;;;            ;Audi                          ;3;;;0;2;3;0;;0;0;0;0;0;0
0067;491;Schn;VT2-F+4WD                                                   ;0000VT2-F+4WD                                                   ;VT2-F+4W;;3;3;Schneider;Alex;Bleckhausen;;"MSC Adenau e.V. im ADAC";DE-ITC-C31480;;;Gupta;Akshay;Sagwara;;;IN-ITB-4B25IRC004;;;Donkel;Darian;Simmern;;;DE-ITD-C 61900;;;;;;;;;;;;;;;;;;;;;;;;;;;;;;;;;;;;;;;;;;;2;00.000;;00.000;2;00.000;;00.000;;00.000;;00.000;;00.000;;00.000;    ;STENLE Marketing by Mertens Motorsport;;Hyundai i30 N;67;6;+18.584;+00.798;13;+29.584;+00.798;4;9:50.707;9:50.707;Y;1:44.650;00.798;;;9:53:56;3006;9:53:56;148.447;;10;0;10;0;0;467;9:32.123;Bohrer/Holthaus Gerrit/Epp Stephan;Bohrer/Holthaus Gerrit/Epp Stephan;153.269;;3;36;34;2;396;9:21.123;Faßbender/Büllesbach Christian/Schettler Andreas/Zils Daniel;Faßbender/Büllesbach Christian/Schettler Andreas/Zils Daniel;156.274;121.53 ;9:50.707;3;3;5:21.614;5;2:48.226;;;;;42457       ;Hyundai                       ;2;;;0;3;3;0;;0;0;0;0;0;0
0068;321;Wulf;SP3T                                                        ;0000SP3T                                                        ;SP3T;;2;2;Wulf;Jens;Malsfeld;;;DE-ITC-C25718;;;Vallers;Ivars;Frankfurt;;;LV-INT-C IV16576LV25;;;Rosenbach;Moritz;Dörth;;;DE-ITC-C52214;;;;;;;;;;;;;;;;;;;;;;;;;;;;;;;;;;;;;;;;;;;2;00.000;2;00.000;;00.000;;00.000;;00.000;;00.000;;00.000;;00.000;    ;Goroyan RT by sharky-racing;;Audi RS3 TCR;68;3;+27.759;+26.322;22;+1:08.741;+02.950;5;9:52.391;9:52.391;N;1:46.334;01.684;;;9:54:40;3055;9:54:40;148.025;;3;0;3;0;0;312;9:24.632;Wawer/Rönnefarth Maik/Knechtges Carsten;Wawer/Rönnefarth Maik/Knechtges Carsten;155.303;;2;32;32;0;962;8:43.650;Bednarski/Stegmann Lorenz;Bednarski/Stegmann Lorenz;167.457;121.88 ;13:28.850;3;3;6:50.842;5;1:17.479;;;;;001-ARM     ;Audi                          ;2;;;0;3;2;0;;0;0;0;0;0;0
0069;490;Dryw;VT2-F+4WD                                                   ;0000VT2-F+4WD                                                   ;VT2-F+4W;;3;3;Drywien;Aleksy;Jozefoslaw;;;PL-10349;;;Piotrowski;Rafal;Warszawa;;;PL-10290;;;;;;;;;;;;;;;;;;;;;;;;;;;;;;;;;;;;;;;;;;;;;;;;;;;3;00.000;1;00.000;;00.000;;00.000;;00.000;;00.000;;00.000;;00.000;    ;Keeevin Sports and Racing;;Renault Megane RS;69;7;+20.826;+02.242;14;+31.826;+02.242;4;9:52.949;9:52.949;Y;1:46.892;00.558;;;10:08:24;3752;10:08:24;147.886;;10;0;10;0;0;467;9:32.123;Bohrer/Holthaus Gerrit/Epp Stephan;Bohrer/Holthaus Gerrit/Epp Stephan;153.269;;3;36;34;2;396;9:21.123;Faßbender/Büllesbach Christian/Schettler Andreas/Zils Daniel;Faßbender/Büllesbach Christian/Schettler Andreas/Zils Daniel;156.274;121.99 ;9:52.949;4;2;2:43.994;2;34.132;;;;;41661       ;Renault                       ;1;;;0;0;3;0;;0;0;0;0;0;0
0070;653;Bout;BMW M240i                                                   ;0000BMW M240i                                                   ;BMW M240;;2;2;Boutonnet;Grégoire;Frankreich;;;FR-52238;;;Laparra;Laurent;Frankreich;;;FR-IC52240;;;Kaliki;Durim;Schweiz;;;CH-CH ITD-C607;;;;;;;;;;;;;;;;;;;;;;;;;;;;;;;;;;;;;;;;;;;3;00.000;;00.000;;00.000;;00.000;;00.000;;00.000;;00.000;;00.000;    ;Adrenalin Motorsport Team Mainhattan Wheels;;BMW M240i Racing Cup;70;3;+37.885;+08.258;23;+1:14.049;+05.308;3;9:57.699;9:57.699;Y;1:51.642;04.750;;;10:06:23;3657;10:06:23;146.711;;7;0;7;0;0;680;9:19.814;Reinhard/Van Der Sanden John/Abee Anton;Reinhard/Van Der Sanden John/Abee Anton;156.639;;2;32;32;0;962;8:43.650;Bednarski/Stegmann Lorenz;Bednarski/Stegmann Lorenz;167.457;122.97 ;9:57.699;3;1;2:59.063;3;2:46.417;;;;;41637       ;BMW                           ;1;;;0;0;2;0;;0;0;0;0;0;0
0071;665;Ullr;BMW M240i                                                   ;0000BMW M240i                                                   ;BMW M240;;2;2;Ullrich;Jan;Hamburg;;;DE-ITD-C25936;;;Ehrhardt;Thomas;Hannover;;;DE-ITC-C11199;;;Ehrhardt;Niklas;Burgdorf;;;DE-ITC-C11249;;;;;;;;;;;;;;;;;;;;;;;;;;;;;;;;;;;;;;;;;;;2;00.000;1;00.000;1;00.000;;00.000;;00.000;;00.000;;00.000;;00.000;    ;GITI TIRE MOTORSPORT BY WS RACING;;BMW M240i Racing Cup;71;4;+39.485;+01.600;24;+1:15.649;+01.600;4;9:59.299;9:59.299;Y;1:53.242;01.600;;;10:02:31;3497;10:02:31;146.319;;7;0;7;0;0;680;9:19.814;Reinhard/Van Der Sanden John/Abee Anton;Reinhard/Van Der Sanden John/Abee Anton;156.639;;2;32;32;0;962;8:43.650;Bednarski/Stegmann Lorenz;Bednarski/Stegmann Lorenz;167.457;123.30 ;9:59.299;3;2;2:17.611;3;2:00.407;;;;;39165       ;BMW                           ;1;;;0;0;2;0;;0;0;0;0;0;0
0072;187;Wüst;SP8T                                                        ;0000SP8T                                                        ;SP8T;;1;1;Wüstenhagen;Nick;Bruchköbel;;;DE-ITC-C19291;;;Mijatovic;Ranko;Schweiz;;;CH-1441;;;;;;;;;;;;;;;;;;;;;;;;;;;;;;;;;;;;;;;;;;;;;;;;;;;1;00.000;1;00.000;;00.000;;00.000;;00.000;;00.000;;00.000;;00.000;    ;FK Performance Motorsport;;BMW M4 GT4;72;5;+1:22.315;+46.479;34;+1:57.516;+20.035;2;10:03.573;10:03.573;Y;1:57.516;04.274;;;9:39:01;2120;9:39:01;145.283;;9;0;9;0;0;191;8:41.258;Böckmann/Rennhofer Raphael;Böckmann/Rennhofer Raphael;168.225;;1;40;40;0;34;8:06.057;Krognes/Villagomez Mateo/Buchardt Anders;Krognes/Villagomez Mateo/Buchardt Anders;180.408;124.18 ;10:03.573;2;2;5:05.874;3;;;;;;48487       ;BMW                           ;2;;;0;2;1;0;;0;0;0;0;0;0
0073;913;Came;CUP2                                                        ;0000CUP2                                                        ;CUP2;;1;1;Cameron;Bill;Arft;;;DE-ITC-C50239;;;Cameron;Jim;Senden;;AM;DE-ITC-C26176;;;;;;;;;;;;;;;;;;;;;;;;;;;;;;;;;;;;;;;;;;;;;;;;;;;2;00.000;2;00.000;;00.000;;00.000;;00.000;;00.000;;00.000;;00.000;    ;;;Porsche 911 GT3 Cup;73;13;+1:47.383;+39.879;35;+1:58.077;+00.561;4;10:04.134;10:04.134;N;1:58.077;00.561;;;9:15:40;886;9:15:40;145.148;;13;0;13;0;0;917;8:16.751;Kikireshko/Bastian Nico/Heinemann Tim;Kikireshko/Bastian Nico/Heinemann Tim;176.525;;1;40;40;0;34;8:06.057;Krognes/Villagomez Mateo/Buchardt Anders;Krognes/Villagomez Mateo/Buchardt Anders;180.408;124.29 ;10:24.940;2;3;2:08.089;5;;;;;;            ;Porsche                       ;2;;;0;0;1;0;;0;0;1;0;0;0
0074;80;Rein;SP7                                                         ;0000SP7                                                         ;SP7;;1;1;Reinbold;Marco;Ortenberg;;;DE-ITC-C49830;;;Hochberger;Paul;Kraichtal;;;DE-ITC-C27873;;;;;;;;;;;;;;;;;;;;;;;;;;;;;;;;;;;;;;;;;;;;;;;;;;;;00.000;2;00.000;;00.000;;00.000;;00.000;;00.000;;00.000;;00.000;    ;;;Porsche 718 Cayman GT4 CS;74;3;+27.834;+20.998;36;+1:58.479;+00.402;2;10:04.536;10:04.536;Y;1:58.479;00.402;;;9:58:48;3320;9:58:48;145.051;;3;0;3;0;0;70;9:36.702;Barst/Ruf Anton/Sartingen Axel;Barst/Ruf Anton/Sartingen Axel;152.052;;1;40;40;0;34;8:06.057;Krognes/Villagomez Mateo/Buchardt Anders;Krognes/Villagomez Mateo/Buchardt Anders;180.408;124.38 ;10:04.536;2;2;3:46.535;3;;;;;;            ;Porsche                       ;2;;;0;0;1;0;;0;0;0;0;0;0
0075;447;Müll;V5                                                          ;0000V5                                                          ;V5;;3;3;Müller;Alexander;EHRINGHAUSEN;;;DE-ITC-C42396;;;Weber;Christian;Herborn;;;DE-ITD-C54036;;;Weber;Jan;DILLENBURG;;;DE-ITC-C42724;;;Krey;Torsten;Herborn;;;DE-ITC-C33841;;;;;;;;;;;;;;;;;;;;;;;;;;;;;;;;;;;;00.000;;00.000;;00.000;2;00.000;1;00.000;;00.000;;00.000;;00.000;    ;;;Porsche Cayman;75;2;+29.068;+29.068;15;+43.992;+12.166;3;10:05.115;10:05.115;N;1:59.058;00.579;;;10:05:33;3622;10:05:33;144.913;;5;0;5;0;0;456;9:36.047;Schiede/O´Dey Levi;Schiede/O´Dey Levi;152.225;;3;36;34;2;396;9:21.123;Faßbender/Büllesbach Christian/Schettler Andreas/Zils Daniel;Faßbender/Büllesbach Christian/Schettler Andreas/Zils Daniel;156.274;124.49 ;10:05.115;4;1;2:57.610;2;3:05.371;;;;;            ;Porsche                       ;4;;;0;0;3;0;;0;0;0;0;0;0
0076;107;Gott;BMW 325i                                                    ;0000BMW 325i                                                    ;BMW 325i;;3;3;Gott;Moran;Vereinigtes Königreich;;;GB-ITC-C321307;;;;;;;;;;;;;;;;;;;;;;;;;;;;;;;;;;;;;;;;;;;;;;;;;;;;;;;;;;;4;00.000;;00.000;;00.000;;00.000;;00.000;;00.000;;00.000;;00.000;    ;;;BMW 325i;76;1;;;16;+44.848;+00.856;4;10:05.971;10:05.971;Y;1:59.914;00.856;;;10:07:21;3703;10:07:21;144.708;;6;0;5;1;0;107;10:05.971;Gott Moran;Moran Gott;144.708;;3;36;34;2;396;9:21.123;Faßbender/Büllesbach Christian/Schettler Andreas/Zils Daniel;Faßbender/Büllesbach Christian/Schettler Andreas/Zils Daniel;156.274;124.67 ;10:05.971;2;4;5:08.910;5;;;;;;            ;BMW                           ;1;;;0;3;3;0;;0;0;0;0;0;0
0077;519;Hata;VT2-RWD                                                     ;0000VT2-RWD                                                     ;VT2-RWD;;3;3;Hatano;Masaaki;Japan;;;JP-853044370480;;;;;;;;;;;;;;;;;;;;;;;;;;;;;;;;;;;;;;;;;;;;;;;;;;;;;;;;;;;2;00.000;;00.000;;00.000;;00.000;;00.000;;00.000;;00.000;;00.000;    ;Team HAL;;Toyota Supra;77;4;+26.391;+23.879;17;+45.346;+00.498;2;10:06.469;10:06.469;Y;2:00.412;00.498;;;9:59:08;3346;9:59:08;144.589;;10;0;9;1;0;500;9:40.078;Leisen/Stahlschmidt Philipp/Zils Daniel;Leisen/Stahlschmidt Philipp/Zils Daniel;151.167;;3;36;34;2;396;9:21.123;Faßbender/Büllesbach Christian/Schettler Andreas/Zils Daniel;Faßbender/Büllesbach Christian/Schettler Andreas/Zils Daniel;156.274;124.77 ;10:06.469;1;3;;0;;;;;;853044370480;Toyota                        ;1;;;0;1;3;0;;0;0;0;0;0;0
0078;651;Harb;BMW M240i                                                   ;0000BMW M240i                                                   ;BMW M240;;2;2;Harbeck;Lars;Berlin;;;DE-ITC-C13911;;;Ievlev;Serghei;Republik Moldau;;;RU-MDND250158;;;Sandberg;Oskar;Hüttenberg;;;DE-ITC-C12472;;;;;;;;;;;;;;;;;;;;;;;;;;;;;;;;;;;;;;;;;;;;00.000;2;00.000;1;00.000;;00.000;;00.000;;00.000;;00.000;;00.000;    ;Adrenalin Motorsport Team Mainhattan Wheels;;BMW M240i Racing Cup;78;5;+48.478;+08.993;25;+1:24.642;+08.993;4;10:08.292;10:08.292;Y;2:02.235;01.823;;;9:54:02;3016;9:54:02;144.156;;7;0;7;0;0;680;9:19.814;Reinhard/Van Der Sanden John/Abee Anton;Reinhard/Van Der Sanden John/Abee Anton;156.639;;2;32;32;0;962;8:43.650;Bednarski/Stegmann Lorenz;Bednarski/Stegmann Lorenz;167.457;125.15 ;10:08.292;4;2;1:50.511;3;2:38.084;;;;;41637       ;BMW                           ;3;;;0;1;2;0;;0;0;0;0;0;0
0079;508;Schm;VT2-RWD                                                     ;0000VT2-RWD                                                     ;VT2-RWD;;3;3;Schmitz;Beat;Nürburg;;"MSC Adenau e.V. im ADAC";DE-ITC-C49782;;;Sommerberg;Andre;Kürten;;;DE-ITC-C49831;;;Koch;Christian;Wickede;;;DE-ITD-C41327;;;;;;;;;;;;;;;;;;;;;;;;;;;;;;;;;;;;;;;;;;;;00.000;1;00.000;3;00.000;;00.000;;00.000;;00.000;;00.000;;00.000;    ;;;BMW 330i;79;5;+32.129;+05.738;18;+51.084;+05.738;4;10:12.207;10:12.207;Y;2:06.150;03.915;;;10:05:07;3597;10:05:07;143.234;;10;0;9;1;0;500;9:40.078;Leisen/Stahlschmidt Philipp/Zils Daniel;Leisen/Stahlschmidt Philipp/Zils Daniel;151.167;;3;36;34;2;396;9:21.123;Faßbender/Büllesbach Christian/Schettler Andreas/Zils Daniel;Faßbender/Büllesbach Christian/Schettler Andreas/Zils Daniel;156.274;125.95 ;10:12.207;3;2;3:21.169;3;1:53.200;;;;;            ;BMW                           ;3;;;0;0;3;0;;0;0;0;0;0;0
0080;130;Miet;BMW 325i                                                    ;0000BMW 325i                                                    ;BMW 325i;;3;3;Miettinen;Juha;Schweiz;;;FI-33276717;;;Berghult;Dan;Schweden;;;SE-44091;;;Frisse;Oliver;Rüthen;;;DE-ITC-C24832;;;;;;;;;;;;;;;;;;;;;;;;;;;;;;;;;;;;;;;;;;;;00.000;;00.000;3;00.000;;00.000;;00.000;;00.000;;00.000;;00.000;    ;Keeevin Sports and Racing;;BMW 325i;80;2;+08.625;+08.625;19;+53.473;+02.389;3;10:14.596;10:14.596;Y;2:08.539;02.389;;;10:03:54;3556;10:03:54;142.677;;6;0;5;1;0;107;10:05.971;Gott Moran;Moran Gott;144.708;;3;36;34;2;396;9:21.123;Faßbender/Büllesbach Christian/Schettler Andreas/Zils Daniel;Faßbender/Büllesbach Christian/Schettler Andreas/Zils Daniel;156.274;126.45 ;10:14.596;2;2;2:25.593;4;;;;;;41661       ;BMW                           ;3;;;0;1;3;0;;0;0;0;0;0;0
0081;945;Nölk;CUP3                                                        ;0000CUP3                                                        ;CUP3;A(Cup3)                                                     ;2;2;Nölken;Markus;Bad Honnef;;;DE-ITC-C39102;;;Nölken;Ulrich Daniel;Mechernich;;AM;DE-ITC-C55665;;;;;;;;;;;;;;;;;;;;;;;;;;;;;;;;;;;;;;;;;;;;;;;;;;;2;00.000;2;00.000;;00.000;;00.000;;00.000;;00.000;;00.000;;00.000;    ;Renazzo Motorsport Team;;Porsche 718 Cayman GT4 CS;81;12;+1:32.530;+52.147;26;+1:32.530;+07.888;4;10:16.180;10:16.180;N;2:10.123;01.584;;;9:52:47;2922;9:52:47;142.310;;14;0;14;0;0;962;8:43.650;Bednarski/Stegmann Lorenz;Bednarski/Stegmann Lorenz;167.457;;2;32;32;0;962;8:43.650;Bednarski/Stegmann Lorenz;Bednarski/Stegmann Lorenz;167.457;126.77 ;10:16.180;2;3;2:37.807;5;;;;;;E-C-009     ;Porsche                       ;1;;;0;0;2;0;;0;0;1;0;0;0
0082;189;Krol;SP8T                                                        ;0000SP8T                                                        ;SP8T;;1;1;Kroll;Martin;Schweiz;;;CH-ITC-C201;;;Bonk;Michael;Münster;;;DE-ITC-C20567;;;Bailey;Michael;Australien;;;AU-ITC-C 1704351;;;;;;;;;;;;;;;;;;;;;;;;;;;;;;;;;;;;;;;;;;;1;00.000;;00.000;2;00.000;;00.000;;00.000;;00.000;;00.000;;00.000;    ;Hofor Racing by Bonk Motorsport;;BMW M4 GT4;82;6;+1:35.259;+12.944;37;+2:10.460;+11.981;3;10:16.517;10:16.517;N;2:10.460;00.337;;;9:35:48;1943;9:35:48;142.233;;9;0;9;0;0;191;8:41.258;Böckmann/Rennhofer Raphael;Böckmann/Rennhofer Raphael;168.225;;1;40;40;0;34;8:06.057;Krognes/Villagomez Mateo/Buchardt Anders;Krognes/Villagomez Mateo/Buchardt Anders;180.408;126.84 ;10:32.953;2;2;2:49.808;4;;;;;;127         ;BMW                           ;3;;;0;0;1;0;;0;0;0;0;0;0
0083;501;'Sub;VT2-RWD                                                     ;0000VT2-RWD                                                     ;VT2-RWD;;3;3;'Sub7BTG';;Berlin;;;DE-ITC-C36713;;;Beckwermert;Matthias;Emsdetten;;;DE-ITC-C38685;;;;;;;;;;;;;;;;;;;;;;;;;;;;;;;;;;;;;;;;;;;;;;;;;;;2;00.000;2;00.000;;00.000;;00.000;;00.000;;00.000;;00.000;;00.000;    ;Adrenalin Motorsport Team Mainhattan Wheels;;BMW 330i;83;6;+36.841;+04.712;20;+55.796;+02.323;4;10:16.919;10:16.919;Y;2:10.862;00.402;;;10:03:53;3554;10:03:53;142.140;;10;0;9;1;0;500;9:40.078;Leisen/Stahlschmidt Philipp/Zils Daniel;Leisen/Stahlschmidt Philipp/Zils Daniel;151.167;;3;36;34;2;396;9:21.123;Faßbender/Büllesbach Christian/Schettler Andreas/Zils Daniel;Faßbender/Büllesbach Christian/Schettler Andreas/Zils Daniel;156.274;126.92 ;10:16.919;2;3;4:52.329;5;;;;;;41637       ;BMW                           ;2;;;0;0;3;0;;0;0;0;0;0;0
0084;140;Duma;SP8T                                                        ;0000SP8T                                                        ;SP8T;A(SP8T)                                                     ;1;1;Dumarey;Guido;Belgien;;;BE-901338;;;Dumarey;Maxime;Belgien;;;BE-902208;;;;;;;;;;;;;;;;;;;;;;;;;;;;;;;;;;;;;;;;;;;;;;;;;;;1;00.000;1;00.000;;00.000;;00.000;;00.000;;00.000;;00.000;;00.000;    ;PROsport Racing;;Aston Martin Vantage GT4;84;7;+1:36.118;+00.859;38;+2:11.319;+00.859;2;10:17.376;10:17.376;Y;2:11.319;00.457;;;9:30:08;1617;9:30:08;142.035;;9;0;9;0;0;191;8:41.258;Böckmann/Rennhofer Raphael;Böckmann/Rennhofer Raphael;168.225;;1;40;40;0;34;8:06.057;Krognes/Villagomez Mateo/Buchardt Anders;Krognes/Villagomez Mateo/Buchardt Anders;180.408;127.02 ;10:17.376;2;2;2:14.142;3;;;;;;49755       ;Aston Martin                  ;2;;;0;0;1;0;;0;0;0;0;0;0
0085;440;Eben;V5                                                          ;0000V5                                                          ;V5;;3;3;Ebener;Florian;Neunkirchen;;;DE-ITC-C31056;;;Schauerte;Philip;Eslohe;;;DE-ITC-C25367;;;Valente;Alain;Ittigen;;;CH-ITC-C484;;;;;;;;;;;;;;;;;;;;;;;;;;;;;;;;;;;;;;;;;;;2;00.000;;00.000;;00.000;;00.000;;00.000;;00.000;;00.000;;00.000;    ;;;Porsche Cayman;85;3;+43.572;+14.504;21;+58.496;+02.700;3;10:19.619;10:19.619;Y;2:13.562;02.243;;;9:44:49;2452;9:44:49;141.521;;5;0;5;0;0;456;9:36.047;Schiede/O´Dey Levi;Schiede/O´Dey Levi;152.225;;3;36;34;2;396;9:21.123;Faßbender/Büllesbach Christian/Schettler Andreas/Zils Daniel;Faßbender/Büllesbach Christian/Schettler Andreas/Zils Daniel;156.274;127.48 ;17:09.328;3;2;13:15.401;3;4:46.002;;;;;            ;Porsche                       ;3;;;0;2;3;0;;0;0;0;0;0;0
0086;652;'Far;BMW M240i                                                   ;0000BMW M240i                                                   ;BMW M240;;2;2;'Farquini Deott';;Vereinigtes Königreich;;;GB-ITC-C109599;;;Pitch;Ben;Vereinigtes Königreich;;;GB-GB200956;;;;;;;;;;;;;;;;;;;;;;;;;;;;;;;;;;;;;;;;;;;;;;;;;;;4;00.000;;00.000;;00.000;;00.000;;00.000;;00.000;;00.000;;00.000;    ;Adrenalin Motorsport Team Mainhattan Wheels;;BMW M240i Racing Cup;86;6;+1:00.435;+11.957;27;+1:36.599;+04.069;5;10:20.249;10:20.249;Y;2:14.192;00.630;;;10:06:21;3654;10:06:21;141.377;;7;0;7;0;0;680;9:19.814;Reinhard/Van Der Sanden John/Abee Anton;Reinhard/Van Der Sanden John/Abee Anton;156.639;;2;32;32;0;962;8:43.650;Bednarski/Stegmann Lorenz;Bednarski/Stegmann Lorenz;167.457;127.61 ;10:20.249;2;3;2:30.851;6;;;;;;41637       ;BMW                           ;1;;;0;0;2;0;;0;0;0;0;0;0
0087;667;Simo;BMW M240i                                                   ;0000BMW M240i                                                   ;BMW M240;;2;2;Simon;Andreas;Schweiz;;;DE-ITC-C27347;;;Davies;Callum;Bristol;;;GB-ITC-C 329471;;;;;;;;;;;;;;;;;;;;;;;;;;;;;;;;;;;;;;;;;;;;;;;;;;;2;00.000;2;00.000;;00.000;;00.000;;00.000;;00.000;;00.000;;00.000;    ;Breakell Racing;;BMW M240i Racing Cup;87;7;+1:01.246;+00.811;28;+1:37.410;+00.811;4;10:21.060;10:21.060;Y;2:15.003;00.811;;;9:19:08;1052;9:19:08;141.192;;7;0;7;0;0;680;9:19.814;Reinhard/Van Der Sanden John/Abee Anton;Reinhard/Van Der Sanden John/Abee Anton;156.639;;2;32;32;0;962;8:43.650;Bednarski/Stegmann Lorenz;Bednarski/Stegmann Lorenz;167.457;127.78 ;10:41.076;2;3;3:02.554;5;;;;;;373134      ;BMW                           ;1;;;0;1;2;0;;0;0;0;0;0;0
0088;503;Vale;VT2-RWD                                                     ;0000VT2-RWD                                                     ;VT2-RWD;;3;3;Valente;Alain;Ittigen;;;CH-ITC-C484;;;Ebener;Florian;Neunkirchen;;;DE-ITC-C31056;;;Quante;Florian;Zwingenberg;;;DE-IC11965;;;;;;;;;;;;;;;;;;;;;;;;;;;;;;;;;;;;;;;;;;;2;00.000;1;00.000;;00.000;;00.000;;00.000;;00.000;;00.000;;00.000;    ;;;BMW 330i;88;7;+48.417;+11.576;22;+1:07.372;+08.876;3;10:28.495;10:28.495;N;2:22.438;07.435;;;10:04:11;3570;10:04:11;139.522;;10;0;9;1;0;500;9:40.078;Leisen/Stahlschmidt Philipp/Zils Daniel;Leisen/Stahlschmidt Philipp/Zils Daniel;151.167;;3;36;34;2;396;9:21.123;Faßbender/Büllesbach Christian/Schettler Andreas/Zils Daniel;Faßbender/Büllesbach Christian/Schettler Andreas/Zils Daniel;156.274;129.30 ;10:28.495;2;3;14:52.332;4;;;;;;            ;BMW                           ;2;;;0;0;3;0;;0;0;0;0;0;0
0089;172;Fuku;SP8T                                                        ;0000SP8T                                                        ;SP8T;B(SP8T)                                                     ;1;1;Fukuzumi;Nirei;Japan;;;JP-7098 8792 0210;;;Kotaka;Kazuto;Japan;;;JP-731528170200;;;Nakayama;Yuichi;Japan;;;JP-7000 0355 0110;;;;;;;;;;;;;;;;;;;;;;;;;;;;;;;;;;;;;;;;;;;;00.000;;00.000;1;00.000;;00.000;;00.000;;00.000;;00.000;;00.000;    ;KCMG;;Toyota Supra Evo GT4;89;8;+1:47.351;+11.233;39;+2:22.552;+11.233;1;10:28.609;10:28.609;Y;2:22.552;00.114;;;9:27:26;1477;9:27:26;139.497;;9;0;9;0;0;191;8:41.258;Böckmann/Rennhofer Raphael;Böckmann/Rennhofer Raphael;168.225;;1;40;40;0;34;8:06.057;Krognes/Villagomez Mateo/Buchardt Anders;Krognes/Villagomez Mateo/Buchardt Anders;180.408;129.33 ;10:28.609;1;2;;0;;;;;;CE-01572    ;Toyota                        ;3;;;0;0;1;0;;0;0;0;0;0;0
0090;460;Schö;VT3                                                         ;0000VT3                                                         ;VT3;;3;3;Schönfelder;Jörg;Friedberg;;;DE-ITC-C&R15441;;;Duffner;Axel;Hornberg;;;DE-ITC-C22053;;;Wright;Alex;Wiesemscheid;;;GB-368065;;;;;;;;;;;;;;;;;;;;;;;;;;;;;;;;;;;;;;;;;;;1;00.000;1;00.000;1;00.000;;00.000;;00.000;;00.000;;00.000;;00.000;    ;Keeevin Sports and Racing;;BMW 335i;90;1;;;23;+1:09.085;+01.713;4;10:30.208;10:30.208;Y;2:24.151;01.599;;;10:07:26;3710;10:07:26;139.143;;1;0;1;0;0;460;10:30.208;Schönfelder/Duffner Axel/Wright Alex;Schönfelder/Duffner Axel/Wright Alex;139.143;;3;36;34;2;396;9:21.123;Faßbender/Büllesbach Christian/Schettler Andreas/Zils Daniel;Faßbender/Büllesbach Christian/Schettler Andreas/Zils Daniel;156.274;129.66 ;10:30.208;3;2;2:31.984;4;3:07.152;;;;;41661       ;BMW                           ;1;;;0;3;3;0;;0;0;0;0;0;0
0091;885;Holz;BMW M2 CS                                                   ;0000BMW M2 CS                                                   ;BMW M2 C;;2;2;Holzem;Juliano;Polch;;;DE-ITC-C11246;;;Holzem;Sandro;Polch;;;DE-ITC-C11248;;;Nilsson;Alfred;Schweden;;;SE-2688;;;;;;;;;;;;;;;;;;;;;;;;;;;;;;;;;;;;;;;;;;;;00.000;3;00.000;;00.000;;00.000;;00.000;;00.000;;00.000;;00.000;    ;Schubert Motorsport;;BMW M2 CS Racing;91;1;;;29;+1:49.363;+11.953;4;10:33.013;10:33.013;Y;2:26.956;02.805;;;9:42:49;2345;9:42:49;138.526;;2;0;2;0;0;885;10:33.013;Holzem/Holzem Sandro/Nilsson Alfred;Holzem/Holzem Sandro/Nilsson Alfred;138.526;;2;32;32;0;962;8:43.650;Bednarski/Stegmann Lorenz;Bednarski/Stegmann Lorenz;167.457;130.23 ;14:17.571;3;2;2:28.399;4;2:26.095;;;;;1138729     ;BMW                           ;3;;;0;2;2;0;;0;0;0;0;0;0
0092;173;Fuku;SP8T                                                        ;0000SP8T                                                        ;SP8T;B(SP8T)                                                     ;1;1;Fukuzumi;Nirei;Japan;;;JP-7098 8792 0210;;;Liberati;Edoardo;Italien;;;IT-234116;;;Masson;Esteban;Frankreich;;;FR-104552;;;;;;;;;;;;;;;;;;;;;;;;;;;;;;;;;;;;;;;;;;;;00.000;;00.000;1;00.000;;00.000;;00.000;;00.000;;00.000;;00.000;    ;KCMG;;Toyota Supra Evo GT4;92;9;+1:53.013;+05.662;40;+2:28.214;+05.662;1;10:34.271;10:34.271;Y;2:28.214;01.258;;;9:28:01;1509;9:28:01;138.251;;9;0;9;0;0;191;8:41.258;Böckmann/Rennhofer Raphael;Böckmann/Rennhofer Raphael;168.225;;1;40;40;0;34;8:06.057;Krognes/Villagomez Mateo/Buchardt Anders;Krognes/Villagomez Mateo/Buchardt Anders;180.408;130.49 ;10:34.271;1;2;;0;;;;;;CE-01572    ;Toyota                        ;3;;;0;0;1;0;;0;0;0;0;0;0
0093;112;Dorm;BMW 325i                                                    ;0000BMW 325i                                                    ;BMW 325i;;3;3;Dormagen;Manuel;Euskirchen;;"MSC Adenau e.V. im ADAC";DE-ITC-C32834;;;Ardelt;Thomas;Wettringen;;;DE-ITC-C27838;;;;;;;;;;;;;;;;;;;;;;;;;;;;;;;;;;;;;;;;;;;;;;;;;;;3;00.000;;00.000;;00.000;;00.000;;00.000;;00.000;;00.000;;00.000;    ;;;BMW 325i;93;3;+33.777;+25.152;24;+1:18.625;+09.540;3;10:39.748;10:39.748;Y;2:33.691;05.477;;;10:04:23;3573;10:04:23;137.068;;6;0;5;1;0;107;10:05.971;Gott Moran;Moran Gott;144.708;;3;36;34;2;396;9:21.123;Faßbender/Büllesbach Christian/Schettler Andreas/Zils Daniel;Faßbender/Büllesbach Christian/Schettler Andreas/Zils Daniel;156.274;131.62 ;10:39.748;2;2;19:54.979;4;;;;;;            ;BMW                           ;1;;;0;1;3;0;;0;0;0;0;0;0
0094;121;Lemp;BMW 325i                                                    ;0000BMW 325i                                                    ;BMW 325i;;3;3;Lempart;Damian;Polen;;"TEAM JSCompetition";PL-ITC-C10051;;;Walczak-Makowiecki;Michal;Polen;;;PL-ITC-C10107;;;Müller;Alexander;Mannheim;;;DE-ITC-C25912;;;;;;;;;;;;;;;;;;;;;;;;;;;;;;;;;;;;;;;;;;;2;00.000;;00.000;1;00.000;;00.000;;00.000;;00.000;;00.000;;00.000;    ;;;BMW 325i;94;4;+34.659;+00.882;25;+1:19.507;+00.882;3;10:40.630;10:40.630;Y;2:34.573;00.882;;;10:00:33;3427;10:00:33;136.879;;6;0;5;1;0;107;10:05.971;Gott Moran;Moran Gott;144.708;;3;36;34;2;396;9:21.123;Faßbender/Büllesbach Christian/Schettler Andreas/Zils Daniel;Faßbender/Büllesbach Christian/Schettler Andreas/Zils Daniel;156.274;131.80 ;10:40.630;4;1;1:07.569;2;4:52.438;;;;;            ;BMW                           ;1;;;0;0;3;0;;0;0;0;0;0;0
0095;978;Lams;CUP3                                                        ;0000CUP3                                                        ;CUP3;B(Cup3)                                                     ;2;2;Lamsouguer;Marco;Bergisch Gladbach;;;DE-ITD-C57551;;;;;;;;;;;;;;;;;;;;;;;;;;;;;;;;;;;;;;;;;;;;;;;;;;;;;;;;;;;1;00.000;;00.000;;00.000;;00.000;;00.000;;00.000;;00.000;;00.000;    ;Kkrämer Racing;;Porsche 718 Cayman GT4 CS;95;13;+1:58.778;+26.248;30;+1:58.778;+09.415;1;10:42.428;10:42.428;Y;2:36.371;01.798;;;9:55:13;3087;9:55:13;136.496;;14;0;14;0;0;962;8:43.650;Bednarski/Stegmann Lorenz;Bednarski/Stegmann Lorenz;167.457;;2;32;32;0;962;8:43.650;Bednarski/Stegmann Lorenz;Bednarski/Stegmann Lorenz;167.457;132.17 ;10:42.428;1;2;;0;;;;;;48529       ;Porsche                       ;1;;;0;0;2;0;;0;0;0;1;0;0
0096;471;Füti;VT2-F+4WD                                                   ;0000VT2-F+4WD                                                   ;VT2-F+4W;;3;3;Füting;Lars;Wuppertal;;"ADAC Mittelrhein e.V.";DE-ITC-C26205;;;Simons;Maximilian;Bonn;;;DE-ITC-C13944;;;Etzkorn;Marc;Dorweiler;;;DE-17230;;;;;;;;;;;;;;;;;;;;;;;;;;;;;;;;;;;;;;;;;;;2;00.000;;00.000;1;00.000;;00.000;;00.000;;00.000;;00.000;;00.000;    ;Auto Thomas by Jung Motorsport;;Cupra Leon KL;96;8;+1:10.951;+50.125;26;+1:21.951;+02.444;3;10:43.074;10:43.074;Y;2:37.017;00.646;;;10:08:17;3747;10:08:17;136.359;;10;0;10;0;0;467;9:32.123;Bohrer/Holthaus Gerrit/Epp Stephan;Bohrer/Holthaus Gerrit/Epp Stephan;153.269;;3;36;34;2;396;9:21.123;Faßbender/Büllesbach Christian/Schettler Andreas/Zils Daniel;Faßbender/Büllesbach Christian/Schettler Andreas/Zils Daniel;156.274;132.30 ;10:43.074;3;2;2:06.560;3;2:21.524;;;;;41127       ;Cupra                         ;3;;;0;0;3;0;;0;0;0;0;0;0
0097;448;'Mar;V5                                                          ;0000V5                                                          ;V5;;3;3;'Marco Vitonelli';;Hamburg;;;DE-59962;;;Heimbach;Jan Hendrik;Moers;;;DE-ITC-C26865;;;Oehlschläger;Norman;Pulheim;;;DE-ITD-C46363;;;;;;;;;;;;;;;;;;;;;;;;;;;;;;;;;;;;;;;;;;;1;00.000;1;00.000;1;00.000;;00.000;;00.000;;00.000;;00.000;;00.000;    ;;;Porsche Cayman;97;4;+1:16.087;+32.515;27;+1:31.011;+09.060;3;10:52.134;10:52.134;Y;2:46.077;09.060;;;9:54:34;3045;9:54:34;134.464;;5;0;5;0;0;456;9:36.047;Schiede/O´Dey Levi;Schiede/O´Dey Levi;152.225;;3;36;34;2;396;9:21.123;Faßbender/Büllesbach Christian/Schettler Andreas/Zils Daniel;Faßbender/Büllesbach Christian/Schettler Andreas/Zils Daniel;156.274;134.17 ;10:52.134;5;1;1:13.088;2;4:51.644;;;;;            ;Porsche                       ;2;;;0;0;3;0;;0;0;0;0;0;0
0098;502;'Lut;VT2-RWD                                                     ;0000VT2-RWD                                                     ;VT2-RWD;;3;3;'Lutz Horst';;Nittendorf;;;DE-ITC-C44901;;;Gjerdrum;Emil Christian;Norwegen;;;NO-ITB-50856;;;'Ingo Horst';;Hagen;;;DE-59223;;;;;;;;;;;;;;;;;;;;;;;;;;;;;;;;;;;;;;;;;;;1;00.000;1;00.000;1;00.000;;00.000;;00.000;;00.000;;00.000;;00.000;    ;GITI TIRE MOTORSPORT BY WS RACING;;BMW 330i;98;8;+1:22.525;+34.108;28;+1:41.480;+10.469;3;11:02.603;11:02.603;Y;2:56.546;10.469;;;9:24:50;1323;9:24:50;132.340;;10;0;9;1;0;500;9:40.078;Leisen/Stahlschmidt Philipp/Zils Daniel;Leisen/Stahlschmidt Philipp/Zils Daniel;151.167;;3;36;34;2;396;9:21.123;Faßbender/Büllesbach Christian/Schettler Andreas/Zils Daniel;Faßbender/Büllesbach Christian/Schettler Andreas/Zils Daniel;156.274;136.32 ;12:03.998;4;2;3:28.146;2;2:12.583;;;;;39165       ;BMW                           ;3;;;0;0;3;0;;0;0;0;0;0;0
0099;444;Korn;V5                                                          ;0000V5                                                          ;V5;;3;3;Korn;Ulrich;Buchholz;;;DE-ITC-C14607;;;Korn;Tobias;Buchholz;;;DE-ITC-C12250;;;Korn;Daniel;Buchholz;;;DE-ITC-C14622;;;;;;;;;;;;;;;;;;;;;;;;;;;;;;;;;;;;;;;;;;;;00.000;2;00.000;;00.000;;00.000;;00.000;;00.000;;00.000;;00.000;    ;Adrenalin Motorsport Team Mainhattan Wheels;;Porsche Cayman;99;5;+1:29.562;+13.475;29;+1:44.486;+03.006;2;11:05.609;11:05.609;N;2:59.552;03.006;;;9:13:29;762;9:13:29;131.742;;5;0;5;0;0;456;9:36.047;Schiede/O´Dey Levi;Schiede/O´Dey Levi;152.225;;3;36;34;2;396;9:21.123;Faßbender/Büllesbach Christian/Schettler Andreas/Zils Daniel;Faßbender/Büllesbach Christian/Schettler Andreas/Zils Daniel;156.274;136.94 ;11:20.429;2;3;10:57.305;3;;;;;;41637       ;Porsche                       ;3;;;0;1;3;0;;0;0;0;0;0;0
0100;496;Wies;VT2-F+4WD                                                   ;0000VT2-F+4WD                                                   ;VT2-F+4W;;3;3;Wiesner;Ralf;Solingen;;"MSC Adenau e.V. im ADAC";DE-ITC-C27350;;;Harrison;Samuel;Vereinigtes Königreich;;;GB-ITC-C 290230;;;;;;;;;;;;;;;;;;;;;;;;;;;;;;;;;;;;;;;;;;;;;;;;;;;1;00.000;1;00.000;;00.000;;00.000;;00.000;;00.000;;00.000;;00.000;    ;STENLE Marketing by Mertens Motorsport;;Hyundai i30 N;100;9;+1:33.834;+22.883;30;+1:44.834;+00.348;2;11:05.957;11:05.957;Y;2:59.900;00.348;;;9:47:39;2616;9:47:39;131.673;;10;0;10;0;0;467;9:32.123;Bohrer/Holthaus Gerrit/Epp Stephan;Bohrer/Holthaus Gerrit/Epp Stephan;153.269;;3;36;34;2;396;9:21.123;Faßbender/Büllesbach Christian/Schettler Andreas/Zils Daniel;Faßbender/Büllesbach Christian/Schettler Andreas/Zils Daniel;156.274;137.01 ;11:15.463;3;1;6:23.561;2;2:38.663;;;;;42457       ;Hyundai                       ;1;;;0;0;3;0;;0;0;0;0;0;0
0101;961;Kunz;CUP3                                                        ;0000CUP3                                                        ;CUP3;A(Cup3)                                                     ;2;2;Kunz;Oliver;Uhingen;;;DE-ITD-C44482;;;Siebert;Peter;Göppingen;;AM;DE-ITC-C34020;;;Düker;Lion;Rottweil;;;DE-ITC-C28254;;;;;;;;;;;;;;;;;;;;;;;;;;;;;;;;;;;;;;;;;;;;00.000;1;00.000;;00.000;;00.000;;00.000;;00.000;;00.000;;00.000;    ;W&S Motorsport;;Porsche 718 Cayman GT4 CS;101;14;+2:24.769;+25.991;31;+2:24.769;+25.991;1;11:08.419;11:08.419;N;3:02.362;02.462;;;9:13:55;785;9:13:55;131.188;;14;0;14;0;0;962;8:43.650;Bednarski/Stegmann Lorenz;Bednarski/Stegmann Lorenz;167.457;;2;32;32;0;962;8:43.650;Bednarski/Stegmann Lorenz;Bednarski/Stegmann Lorenz;167.457;137.52 ;11:08.419;1;2;;0;;;;;;38911       ;Porsche                       ;2;;;0;0;2;0;;0;0;1;0;0;0
0102;506;Egge;VT2-RWD                                                     ;0000VT2-RWD                                                     ;VT2-RWD;;3;3;Egger;Elena;München;;;AT-JAC2071;;;Kraav;Carmen;Estland;;;EE-IC-29841;;;Ponkratz;Julia;Wetzlar;;;DE-ITC-C15513;;;;;;;;;;;;;;;;;;;;;;;;;;;;;;;;;;;;;;;;;;;2;00.000;;00.000;;00.000;;00.000;;00.000;;00.000;;00.000;;00.000;    ;GITI TIRE MOTORSPORT BY WS RACING;;BMW 330i;102;9;+1:28.628;+06.103;31;+1:47.583;+02.749;4;11:08.706;11:08.706;Y;3:02.649;00.287;;;10:07:29;3713;10:07:29;131.132;;10;0;9;1;0;500;9:40.078;Leisen/Stahlschmidt Philipp/Zils Daniel;Leisen/Stahlschmidt Philipp/Zils Daniel;151.167;;3;36;34;2;396;9:21.123;Faßbender/Büllesbach Christian/Schettler Andreas/Zils Daniel;Faßbender/Büllesbach Christian/Schettler Andreas/Zils Daniel;156.274;137.58 ;11:08.706;4;3;4:38.274;4;4:50.474;;;;;39165       ;BMW                           ;1;;;0;0;3;0;;0;0;0;0;0;0
0103;101;Schw;BMW 325i                                                    ;0000BMW 325i                                                    ;BMW 325i;;3;3;Schwolow;Tim;Lingen;;;DE-ITD-C45261;;;Renken;Nils;Welle;;;DE-ITD-C44995;;;Weckenbrock;Heiko;Bad Bentheim;;;DE-ITC-C17945;;;;;;;;;;;;;;;;;;;;;;;;;;;;;;;;;;;;;;;;;;;1;00.000;1;00.000;1;00.000;;00.000;;00.000;;00.000;;00.000;;00.000;    ;;;BMW 325i;103;5;+1:22.448;+47.789;32;+2:07.296;+19.713;3;11:28.419;11:28.419;Y;3:22.362;19.713;;;9:53:44;2991;9:53:44;127.377;;6;0;5;1;0;107;10:05.971;Gott Moran;Moran Gott;144.708;;3;36;34;2;396;9:21.123;Faßbender/Büllesbach Christian/Schettler Andreas/Zils Daniel;Faßbender/Büllesbach Christian/Schettler Andreas/Zils Daniel;156.274;141.63 ;11:28.419;3;2;3:22.187;3;3:29.153;;;;;            ;BMW                           ;1;;;0;1;3;0;;0;0;0;0;0;0
0104;481;Krie;VT2-F+4WD                                                   ;0000VT2-F+4WD                                                   ;VT2-F+4W;;3;3;Kriese;Oliver;Münster;;;DE-ITC-C15709;;;Starck;Gregor;Kaiserslautern;;;DE-ITC-C38494;;;;;;;;;;;;;;;;;;;;;;;;;;;;;;;;;;;;;;;;;;;;;;;;;;;;00.000;2;00.000;;00.000;;00.000;;00.000;;00.000;;00.000;;00.000;    ;;;Renault Megane RS;104;10;+2:35.228;+1:01.394;33;+2:46.228;+38.932;2;12:07.351;12:07.351;Y;4:01.294;38.932;;;9:16:45;935;9:16:45;120.559;;10;0;10;0;0;467;9:32.123;Bohrer/Holthaus Gerrit/Epp Stephan;Bohrer/Holthaus Gerrit/Epp Stephan;153.269;;3;36;34;2;396;9:21.123;Faßbender/Büllesbach Christian/Schettler Andreas/Zils Daniel;Faßbender/Büllesbach Christian/Schettler Andreas/Zils Daniel;156.274;149.64 ;12:15.149;1;3;2:48.260;0;;;;;;            ;Renault                       ;1;;;0;0;3;0;;0;0;0;0;0;0
0105;882;Schu;BMW M2 CS                                                   ;0000BMW M2 CS                                                   ;BMW M2 C;;2;2;Schubert;Torsten;Oschersleben;;;DE-ITC-C61484;;;von Zabiensky;Stefan;Oschersleben;;;DE-ITC-C61483;;;von Zabienksy;Michael;Oschersleben;;;DE-ITC-C61487;;;;;;;;;;;;;;;;;;;;;;;;;;;;;;;;;;;;;;;;;;;;00.000;1;00.000;;00.000;;00.000;;00.000;;00.000;;00.000;;00.000;    ;Schubert Motorsport;;BMW M2 CS Racing;105;2;+2:28.264;+2:28.264;32;+4:17.627;+1:52.858;1;13:01.277;13:01.277;Y;4:55.220;53.926;;;9:33:50;1833;9:33:50;112.238;;2;0;2;0;0;885;10:33.013;Holzem/Holzem Sandro/Nilsson Alfred;Holzem/Holzem Sandro/Nilsson Alfred;138.526;;2;32;32;0;962;8:43.650;Bednarski/Stegmann Lorenz;Bednarski/Stegmann Lorenz;167.457;160.74 ;13:01.277;2;1;12:42.976;2;;;;;;1138729     ;BMW                           ;2;;;0;0;2;0;;0;0;0;0;0;0
0106;529;Thom;V3                                                          ;0000V3                                                          ;V3;;3;3;Thomas;Reiner;Hürth;;;DE-ITC-C26829;;;Schmitz;Manfred;Kerpen;;;DE-ITC-C28047;;;Thomas;Katja;Feusdorf;;;DE-ITC-C35170;;;;;;;;;;;;;;;;;;;;;;;;;;;;;;;;;;;;;;;;;;;1;00.000;;00.000;;00.000;;00.000;;00.000;;00.000;;00.000;;00.000;    ;;;BMW 318i;106;1;;;34;+4:31.360;+1:45.132;2;13:52.483;13:52.483;Y;5:46.426;51.206;;;9:18:21;1017;9:18:21;105.334;;1;0;1;0;0;529;13:52.483;Thomas/Schmitz Manfred/Thomas Katja;Thomas/Schmitz Manfred/Thomas Katja;105.334;;3;36;34;2;396;9:21.123;Faßbender/Büllesbach Christian/Schettler Andreas/Zils Daniel;Faßbender/Büllesbach Christian/Schettler Andreas/Zils Daniel;156.274;171.27 ;19:34.432;3;2;6:36.773;2;3:34.316;;;;;            ;BMW                           ;3;;;0;1;3;0;;0;0;0;0;0;0
0107;514;Peet;VT2-RWD                                                     ;0000VT2-RWD                                                     ;VT2-RWD;;3;3;Peeters;Tim;Belgien;;;BE-IT914779;;;Fellner-Feldegg;Roman;Landsberg am Lech;;;DE-ITC-C53988;;;'Matt';;Vereinigtes Königreich;;;GB-157439;;;;;;;;;;;;;;;;;;;;;;;;;;;;;;;;;;;;;;;;;;;;00.000;;00.000;;00.000;;00.000;;00.000;;00.000;;00.000;;00.000;    ;SRS Team Sorg Rennsport;;BMW 330i;;;;;;;;0;00.000;00.000;N;;;;;9:06:52;;9:06:52;0.000;DNQ;10;0;9;1;0;500;9:40.078;Leisen/Stahlschmidt Philipp/Zils Daniel;Leisen/Stahlschmidt Philipp/Zils Daniel;151.167;;3;36;34;2;396;9:21.123;Faßbender/Büllesbach Christian/Schettler Andreas/Zils Daniel;Faßbender/Büllesbach Christian/Schettler Andreas/Zils Daniel;156.274;;00.000;;;;;;;;;;38068       ;BMW                           ;3;;;0;0;3;0;;0;0;0;0;0;0
0108;111;Spöl;BMW 325i                                                    ;0000BMW 325i                                                    ;BMW 325i;;3;3;Spölgen;Jonas;Kreuzau;;"TEAM JSCompetition";DE-ITC-C27544;;;Becker;Eugen;Wallenhorst;;;DE-ITC-C50155;;;;;;;;;;;;;;;;;;;;;;;;;;;;;;;;;;;;;;;;;;;;;;;;;;;;00.000;;00.000;;00.000;;00.000;;00.000;;00.000;;00.000;;00.000;    ;;;BMW 325i;;;;;;;;0;00.000;00.000;N;;;;;9:11:00;;9:11:00;0.000;DNQ;6;0;5;1;0;107;10:05.971;Gott Moran;Moran Gott;144.708;;3;36;34;2;396;9:21.123;Faßbender/Büllesbach Christian/Schettler Andreas/Zils Daniel;Faßbender/Büllesbach Christian/Schettler Andreas/Zils Daniel;156.274;;00.000;4;1;50.006;1;43.525;;;;;            ;BMW                           ;1;;;0;0;3;0;;0;0;0;0;0;0
